
  .   ____          _            __ _ _
 /\\ / ___'_ __ _ _(_)_ __  __ _ \ \ \ \
( ( )\___ | '_ | '_| | '_ \/ _` | \ \ \ \
 \\/  ___)| |_)| | | | | || (_| |  ) ) ) )
  '  |____| .__|_| |_|_| |_\__, | / / / /
 =========|_|==============|___/=/_/_/_/

 :: Spring Boot ::                (v3.3.5)

2026-09-22T17:33:24.882Z  INFO 19668 --- [core-banking-service] [           main] c.meridian.banking.BankingApplication    : Starting BankingApplication v2.1.0 using Java 22.0.2 with PID 19668 (D:\New folder\realistic projects bugs codes\02-banking-account-management\target\core-banking-service-2.1.0.jar started by P.Abhiram in D:\New folder\realistic projects bugs codes\02-banking-account-management)
2026-09-22T17:33:24.885Z DEBUG 19668 --- [core-banking-service] [           main] c.meridian.banking.BankingApplication    : Running with Spring Boot v3.3.5, Spring v6.1.14
2026-09-22T17:33:24.885Z  INFO 19668 --- [core-banking-service] [           main] c.meridian.banking.BankingApplication    : The following 1 profile is active: "local"
2026-09-22T17:33:26.832Z  INFO 19668 --- [core-banking-service] [           main] .s.d.r.c.RepositoryConfigurationDelegate : Bootstrapping Spring Data JPA repositories in DEFAULT mode.
2026-09-22T17:33:26.992Z  INFO 19668 --- [core-banking-service] [           main] .s.d.r.c.RepositoryConfigurationDelegate : Finished Spring Data repository scanning in 140 ms. Found 4 JPA repository interfaces.
2026-09-22T17:33:31.254Z  INFO 19668 --- [core-banking-service] [           main] o.s.b.w.embedded.tomcat.TomcatWebServer  : Tomcat initialized with port 8080 (http)
2026-09-22T17:33:31.306Z  INFO 19668 --- [core-banking-service] [           main] o.apache.catalina.core.StandardService   : Starting service [Tomcat]
2026-09-22T17:33:31.307Z  INFO 19668 --- [core-banking-service] [           main] o.apache.catalina.core.StandardEngine    : Starting Servlet engine: [Apache Tomcat/10.1.31]
2026-09-22T17:33:31.486Z  INFO 19668 --- [core-banking-service] [           main] o.a.c.c.C.[Tomcat].[localhost].[/]       : Initializing Spring embedded WebApplicationContext
2026-09-22T17:33:31.488Z  INFO 19668 --- [core-banking-service] [           main] w.s.c.ServletWebServerApplicationContext : Root WebApplicationContext: initialization completed in 6521 ms
2026-09-22T17:33:33.491Z  INFO 19668 --- [core-banking-service] [           main] com.zaxxer.hikari.HikariDataSource       : ledger-pool - Starting...
2026-09-22T17:33:34.217Z  INFO 19668 --- [core-banking-service] [           main] com.zaxxer.hikari.pool.HikariPool        : ledger-pool - Added connection org.postgresql.jdbc.PgConnection@30dd00b6
2026-09-22T17:33:34.220Z  INFO 19668 --- [core-banking-service] [           main] com.zaxxer.hikari.HikariDataSource       : ledger-pool - Start completed.
2026-09-22T17:33:34.808Z  INFO 19668 --- [core-banking-service] [           main] o.hibernate.jpa.internal.util.LogHelper  : HHH000204: Processing PersistenceUnitInfo [name: default]
2026-09-22T17:33:35.058Z  INFO 19668 --- [core-banking-service] [           main] org.hibernate.Version                    : HHH000412: Hibernate ORM core version 6.5.3.Final
2026-09-22T17:33:35.161Z  INFO 19668 --- [core-banking-service] [           main] o.h.c.internal.RegionFactoryInitiator    : HHH000026: Second-level cache disabled
2026-09-22T17:33:35.975Z  INFO 19668 --- [core-banking-service] [           main] o.s.o.j.p.SpringPersistenceUnitInfo      : No LoadTimeWeaver setup: ignoring JPA class transformer
2026-09-22T17:33:39.614Z  INFO 19668 --- [core-banking-service] [           main] o.h.e.t.j.p.i.JtaPlatformInitiator       : HHH000489: No JTA platform available (set 'hibernate.transaction.jta.platform' to enable JTA platform integration)
2026-09-22T17:33:39.621Z  INFO 19668 --- [core-banking-service] [           main] j.LocalContainerEntityManagerFactoryBean : Initialized JPA EntityManagerFactory for persistence unit 'default'
2026-09-22T17:33:41.512Z  INFO 19668 --- [core-banking-service] [           main] o.s.d.j.r.query.QueryEnhancerFactory     : Hibernate is in classpath; If applicable, HQL parser will be used.
2026-09-22T17:33:43.429Z  INFO 19668 --- [core-banking-service] [           main] r$InitializeUserDetailsManagerConfigurer : Global AuthenticationManager configured with UserDetailsService bean with name customerDetailsService
2026-09-22T17:33:45.626Z  INFO 19668 --- [core-banking-service] [           main] o.s.b.a.e.web.EndpointLinksResolver      : Exposing 2 endpoints beneath base path '/actuator'
2026-09-22T17:33:46.922Z  INFO 19668 --- [core-banking-service] [           main] o.s.b.w.embedded.tomcat.TomcatWebServer  : Tomcat started on port 8080 (http) with context path '/'
2026-09-22T17:33:46.955Z  INFO 19668 --- [core-banking-service] [           main] c.meridian.banking.BankingApplication    : Started BankingApplication in 22.873 seconds (process running for 23.676)
2026-09-22T17:33:47.188Z  INFO 19668 --- [core-banking-service] [nio-8080-exec-1] o.a.c.c.C.[Tomcat].[localhost].[/]       : Initializing Spring DispatcherServlet 'dispatcherServlet'
2026-09-22T17:33:47.188Z  INFO 19668 --- [core-banking-service] [nio-8080-exec-1] o.s.web.servlet.DispatcherServlet        : Initializing Servlet 'dispatcherServlet'
2026-09-22T17:33:47.196Z  INFO 19668 --- [core-banking-service] [nio-8080-exec-1] o.s.web.servlet.DispatcherServlet        : Completed initialization in 8 ms
2026-09-22T17:33:56.807Z DEBUG 19668 --- [core-banking-service] [nio-8080-exec-4] org.hibernate.SQL                        : select c1_0.id,c1_0.created_at,c1_0.email,c1_0.full_name,c1_0.national_id,c1_0.password_hash,c1_0.status from customers c1_0 where c1_0.email=?
2026-09-22T17:33:56.886Z DEBUG 19668 --- [core-banking-service] [nio-8080-exec-4] org.hibernate.SQL                        : select r1_0.customer_id,r1_1.id,r1_1.name from customer_roles r1_0 join roles r1_1 on r1_1.id=r1_0.role_id where r1_0.customer_id=?
2026-09-22T17:33:57.165Z DEBUG 19668 --- [core-banking-service] [nio-8080-exec-4] org.hibernate.SQL                        : select a1_0.id,a1_0.account_number,a1_0.account_type,a1_0.balance,a1_0.currency,a1_0.customer_id,a1_0.opened_at,a1_0.status from accounts a1_0 where a1_0.account_number=? and a1_0.customer_id=?
2026-09-22T17:33:57.195Z DEBUG 19668 --- [core-banking-service] [nio-8080-exec-4] org.hibernate.SQL                        : select a1_0.id,a1_0.account_number,a1_0.account_type,a1_0.balance,a1_0.currency,a1_0.customer_id,a1_0.opened_at,a1_0.status from accounts a1_0 where a1_0.account_number=?
2026-09-22T17:33:57.234Z DEBUG 19668 --- [core-banking-service] [nio-8080-exec-4] org.hibernate.SQL                        : select a1_0.id,a1_0.account_number,a1_0.account_type,a1_0.balance,a1_0.currency,a1_0.customer_id,a1_0.opened_at,a1_0.status from accounts a1_0 where a1_0.id=?
2026-09-22T17:33:57.242Z DEBUG 19668 --- [core-banking-service] [nio-8080-exec-4] c.m.banking.service.LedgerService        : Credited 60000.00 to account MB-0000-1003, balance is now 77640.50
2026-09-22T17:33:57.294Z DEBUG 19668 --- [core-banking-service] [nio-8080-exec-4] org.hibernate.SQL                        : update accounts set account_number=?,account_type=?,balance=?,currency=?,customer_id=?,status=? where id=?
2026-09-22T17:33:57.324Z DEBUG 19668 --- [core-banking-service] [nio-8080-exec-4] org.hibernate.SQL                        : select at1_0.id from transactions at1_0 where at1_0.reference=? fetch first ? rows only
2026-09-22T17:33:57.343Z DEBUG 19668 --- [core-banking-service] [nio-8080-exec-4] org.hibernate.SQL                        : insert into transactions (account_id,amount,balance_after,counterparty_account_id,created_at,description,reference,tx_type) values (?,?,?,?,?,?,?,?) returning id
2026-09-22T17:33:57.371Z DEBUG 19668 --- [core-banking-service] [nio-8080-exec-4] org.hibernate.SQL                        : insert into transactions (account_id,amount,balance_after,counterparty_account_id,created_at,description,reference,tx_type) values (?,?,?,?,?,?,?,?) returning id
2026-09-22T17:33:57.401Z DEBUG 19668 --- [core-banking-service] [nio-8080-exec-4] org.hibernate.SQL                        : select coalesce(sum(at1_0.amount),0) from transactions at1_0 where at1_0.account_id=? and at1_0.tx_type=? and at1_0.created_at>=?
2026-09-22T17:34:13.302Z DEBUG 19668 --- [core-banking-service] [nio-8080-exec-6] org.hibernate.SQL                        : select c1_0.id,c1_0.created_at,c1_0.email,c1_0.full_name,c1_0.national_id,c1_0.password_hash,c1_0.status from customers c1_0 where c1_0.email=?
2026-09-22T17:34:13.306Z DEBUG 19668 --- [core-banking-service] [nio-8080-exec-6] org.hibernate.SQL                        : select r1_0.customer_id,r1_1.id,r1_1.name from customer_roles r1_0 join roles r1_1 on r1_1.id=r1_0.role_id where r1_0.customer_id=?
2026-09-22T17:34:13.541Z DEBUG 19668 --- [core-banking-service] [nio-8080-exec-6] org.hibernate.SQL                        : select a1_0.id,a1_0.account_number,a1_0.account_type,a1_0.balance,a1_0.currency,a1_0.customer_id,a1_0.opened_at,a1_0.status from accounts a1_0 where a1_0.account_number=? and a1_0.customer_id=?
2026-09-22T17:34:13.593Z DEBUG 19668 --- [core-banking-service] [nio-8080-exec-6] org.hibernate.SQL                        : select a1_0.id,a1_0.account_number,a1_0.account_type,a1_0.balance,a1_0.currency,a1_0.customer_id,a1_0.opened_at,a1_0.status from accounts a1_0 where a1_0.account_number=?
2026-09-22T17:34:13.635Z DEBUG 19668 --- [core-banking-service] [nio-8080-exec-6] org.hibernate.SQL                        : select a1_0.id,a1_0.account_number,a1_0.account_type,a1_0.balance,a1_0.currency,a1_0.customer_id,a1_0.opened_at,a1_0.status from accounts a1_0 where a1_0.id=?
2026-09-22T17:34:13.651Z DEBUG 19668 --- [core-banking-service] [nio-8080-exec-6] c.m.banking.service.LedgerService        : Credited -5000.00 to account MB-0000-1003, balance is now 72640.50
2026-09-22T17:34:13.651Z DEBUG 19668 --- [core-banking-service] [nio-8080-exec-6] org.hibernate.SQL                        : update accounts set account_number=?,account_type=?,balance=?,currency=?,customer_id=?,status=? where id=?
2026-09-22T17:34:13.673Z DEBUG 19668 --- [core-banking-service] [nio-8080-exec-6] org.hibernate.SQL                        : select at1_0.id from transactions at1_0 where at1_0.reference=? fetch first ? rows only
2026-09-22T17:34:13.678Z DEBUG 19668 --- [core-banking-service] [nio-8080-exec-6] org.hibernate.SQL                        : insert into transactions (account_id,amount,balance_after,counterparty_account_id,created_at,description,reference,tx_type) values (?,?,?,?,?,?,?,?) returning id
2026-09-22T17:34:13.687Z DEBUG 19668 --- [core-banking-service] [nio-8080-exec-6] org.hibernate.SQL                        : insert into transactions (account_id,amount,balance_after,counterparty_account_id,created_at,description,reference,tx_type) values (?,?,?,?,?,?,?,?) returning id
2026-09-22T17:34:13.712Z DEBUG 19668 --- [core-banking-service] [nio-8080-exec-6] org.hibernate.SQL                        : select coalesce(sum(at1_0.amount),0) from transactions at1_0 where at1_0.account_id=? and at1_0.tx_type=? and at1_0.created_at>=?
2026-09-22T17:34:13.728Z  INFO 19668 --- [core-banking-service] [nio-8080-exec-6] c.m.banking.service.TransferService      : Transfer TRF-20260922-412413 moved -5000.00 from MB-0000-1001 to MB-0000-1003
2026-09-22T17:34:13.730Z DEBUG 19668 --- [core-banking-service] [nio-8080-exec-6] org.hibernate.SQL                        : update accounts set account_number=?,account_type=?,balance=?,currency=?,customer_id=?,status=? where id=?
2026-09-22T17:34:13.859Z DEBUG 19668 --- [core-banking-service] [nio-8080-exec-8] org.hibernate.SQL                        : select c1_0.id,c1_0.created_at,c1_0.email,c1_0.full_name,c1_0.national_id,c1_0.password_hash,c1_0.status from customers c1_0 where c1_0.email=?
2026-09-22T17:34:13.862Z DEBUG 19668 --- [core-banking-service] [nio-8080-exec-8] org.hibernate.SQL                        : select r1_0.customer_id,r1_1.id,r1_1.name from customer_roles r1_0 join roles r1_1 on r1_1.id=r1_0.role_id where r1_0.customer_id=?
2026-09-22T17:34:14.569Z DEBUG 19668 --- [core-banking-service] [nio-8080-exec-9] org.hibernate.SQL                        : select c1_0.id,c1_0.created_at,c1_0.email,c1_0.full_name,c1_0.national_id,c1_0.password_hash,c1_0.status from customers c1_0 where c1_0.email=?
2026-09-22T17:34:14.572Z DEBUG 19668 --- [core-banking-service] [nio-8080-exec-9] org.hibernate.SQL                        : select r1_0.customer_id,r1_1.id,r1_1.name from customer_roles r1_0 join roles r1_1 on r1_1.id=r1_0.role_id where r1_0.customer_id=?
2026-09-22T17:34:14.697Z DEBUG 19668 --- [core-banking-service] [nio-8080-exec-9] org.hibernate.SQL                        : select a1_0.id,a1_0.account_number,a1_0.account_type,a1_0.balance,a1_0.currency,a1_0.customer_id,a1_0.opened_at,a1_0.status from accounts a1_0 where a1_0.account_number=?
2026-09-22T17:34:14.701Z  INFO 19668 --- [core-banking-service] [nio-8080-exec-9] c.m.banking.service.AccountService       : Account MB-0000-1004 frozen by the back office
2026-09-22T17:34:15.417Z DEBUG 19668 --- [core-banking-service] [io-8080-exec-10] org.hibernate.SQL                        : select c1_0.id,c1_0.created_at,c1_0.email,c1_0.full_name,c1_0.national_id,c1_0.password_hash,c1_0.status from customers c1_0 where c1_0.email=?
2026-09-22T17:34:15.420Z DEBUG 19668 --- [core-banking-service] [io-8080-exec-10] org.hibernate.SQL                        : select r1_0.customer_id,r1_1.id,r1_1.name from customer_roles r1_0 join roles r1_1 on r1_1.id=r1_0.role_id where r1_0.customer_id=?
2026-09-22T17:34:15.551Z DEBUG 19668 --- [core-banking-service] [io-8080-exec-10] org.hibernate.SQL                        : select a1_0.id,a1_0.account_number,a1_0.account_type,a1_0.balance,a1_0.currency,a1_0.customer_id,a1_0.opened_at,a1_0.status from accounts a1_0 where a1_0.id=? and a1_0.customer_id=?
2026-09-22T17:34:15.561Z DEBUG 19668 --- [core-banking-service] [io-8080-exec-10] org.hibernate.SQL                        : select at1_0.id from transactions at1_0 where at1_0.reference=? fetch first ? rows only
2026-09-22T17:34:15.566Z DEBUG 19668 --- [core-banking-service] [io-8080-exec-10] org.hibernate.SQL                        : insert into transactions (account_id,amount,balance_after,counterparty_account_id,created_at,description,reference,tx_type) values (?,?,?,?,?,?,?,?) returning id
2026-09-22T17:34:15.572Z  INFO 19668 --- [core-banking-service] [io-8080-exec-10] c.m.b.service.AccountTransactionService  : Withdrew 100.00 from MB-0000-1004, balance is now 9020.00
2026-09-22T17:34:15.575Z DEBUG 19668 --- [core-banking-service] [io-8080-exec-10] org.hibernate.SQL                        : update accounts set account_number=?,account_type=?,balance=?,currency=?,customer_id=?,status=? where id=?
2026-09-22T17:34:26.478Z DEBUG 19668 --- [core-banking-service] [nio-8080-exec-1] org.hibernate.SQL                        : select c1_0.id,c1_0.created_at,c1_0.email,c1_0.full_name,c1_0.national_id,c1_0.password_hash,c1_0.status from customers c1_0 where c1_0.email=?
2026-09-22T17:34:26.485Z DEBUG 19668 --- [core-banking-service] [nio-8080-exec-1] org.hibernate.SQL                        : select r1_0.customer_id,r1_1.id,r1_1.name from customer_roles r1_0 join roles r1_1 on r1_1.id=r1_0.role_id where r1_0.customer_id=?
2026-09-22T17:34:26.613Z DEBUG 19668 --- [core-banking-service] [nio-8080-exec-1] org.hibernate.SQL                        : select a1_0.id,a1_0.account_number,a1_0.account_type,a1_0.balance,a1_0.currency,a1_0.customer_id,a1_0.opened_at,a1_0.status from accounts a1_0 where a1_0.id=? and a1_0.customer_id=?
2026-09-22T17:34:26.635Z DEBUG 19668 --- [core-banking-service] [nio-8080-exec-1] org.hibernate.SQL                        : select at1_0.id,at1_0.account_id,at1_0.amount,at1_0.balance_after,at1_0.counterparty_account_id,at1_0.created_at,at1_0.description,at1_0.reference,at1_0.tx_type from transactions at1_0 where at1_0.account_id=? and at1_0.created_at between ? and ? order by at1_0.created_at desc fetch first ? rows only
2026-09-22T17:34:26.650Z DEBUG 19668 --- [core-banking-service] [nio-8080-exec-1] org.hibernate.SQL                        : select a1_0.id,a1_0.account_number,a1_0.account_type,a1_0.balance,a1_0.currency,a1_0.customer_id,a1_0.opened_at,a1_0.status from accounts a1_0 where a1_0.id=?
2026-09-22T17:34:26.748Z DEBUG 19668 --- [core-banking-service] [nio-8080-exec-3] org.hibernate.SQL                        : select c1_0.id,c1_0.created_at,c1_0.email,c1_0.full_name,c1_0.national_id,c1_0.password_hash,c1_0.status from customers c1_0 where c1_0.email=?
2026-09-22T17:34:26.752Z DEBUG 19668 --- [core-banking-service] [nio-8080-exec-3] org.hibernate.SQL                        : select r1_0.customer_id,r1_1.id,r1_1.name from customer_roles r1_0 join roles r1_1 on r1_1.id=r1_0.role_id where r1_0.customer_id=?
2026-09-22T17:34:26.872Z DEBUG 19668 --- [core-banking-service] [nio-8080-exec-3] org.hibernate.SQL                        : select a1_0.id,a1_0.account_number,a1_0.account_type,a1_0.balance,a1_0.currency,a1_0.customer_id,a1_0.opened_at,a1_0.status from accounts a1_0 where a1_0.id=? and a1_0.customer_id=?
2026-09-22T17:34:26.882Z DEBUG 19668 --- [core-banking-service] [nio-8080-exec-3] org.hibernate.SQL                        : select at1_0.id,at1_0.account_id,at1_0.amount,at1_0.balance_after,at1_0.counterparty_account_id,at1_0.created_at,at1_0.description,at1_0.reference,at1_0.tx_type from transactions at1_0 where at1_0.account_id=? and at1_0.created_at between ? and ? order by at1_0.created_at desc fetch first ? rows only
2026-09-22T17:34:26.888Z DEBUG 19668 --- [core-banking-service] [nio-8080-exec-3] org.hibernate.SQL                        : select a1_0.id,a1_0.account_number,a1_0.account_type,a1_0.balance,a1_0.currency,a1_0.customer_id,a1_0.opened_at,a1_0.status from accounts a1_0 where a1_0.id=?
2026-09-22T17:34:31.940Z DEBUG 19668 --- [core-banking-service] [nio-8080-exec-4] org.hibernate.SQL                        : select c1_0.id,c1_0.created_at,c1_0.email,c1_0.full_name,c1_0.national_id,c1_0.password_hash,c1_0.status from customers c1_0 where c1_0.email=?
2026-09-22T17:34:31.945Z DEBUG 19668 --- [core-banking-service] [nio-8080-exec-4] org.hibernate.SQL                        : select r1_0.customer_id,r1_1.id,r1_1.name from customer_roles r1_0 join roles r1_1 on r1_1.id=r1_0.role_id where r1_0.customer_id=?
2026-09-22T17:34:32.071Z DEBUG 19668 --- [core-banking-service] [nio-8080-exec-4] org.hibernate.SQL                        : select a1_0.id,a1_0.account_number,a1_0.account_type,a1_0.balance,a1_0.currency,a1_0.customer_id,a1_0.opened_at,a1_0.status from accounts a1_0 where a1_0.id=? and a1_0.customer_id=?
2026-09-22T17:34:32.117Z DEBUG 19668 --- [core-banking-service] [nio-8080-exec-1] org.hibernate.SQL                        : select c1_0.id,c1_0.created_at,c1_0.email,c1_0.full_name,c1_0.national_id,c1_0.password_hash,c1_0.status from customers c1_0 where c1_0.email=?
2026-09-22T17:34:32.116Z DEBUG 19668 --- [core-banking-service] [nio-8080-exec-7] org.hibernate.SQL                        : select c1_0.id,c1_0.created_at,c1_0.email,c1_0.full_name,c1_0.national_id,c1_0.password_hash,c1_0.status from customers c1_0 where c1_0.email=?
2026-09-22T17:34:32.118Z DEBUG 19668 --- [core-banking-service] [nio-8080-exec-6] org.hibernate.SQL                        : select c1_0.id,c1_0.created_at,c1_0.email,c1_0.full_name,c1_0.national_id,c1_0.password_hash,c1_0.status from customers c1_0 where c1_0.email=?
2026-09-22T17:34:32.118Z DEBUG 19668 --- [core-banking-service] [nio-8080-exec-4] org.hibernate.SQL                        : select c1_0.id,c1_0.created_at,c1_0.email,c1_0.full_name,c1_0.national_id,c1_0.password_hash,c1_0.status from customers c1_0 where c1_0.email=?
2026-09-22T17:34:32.119Z DEBUG 19668 --- [core-banking-service] [nio-8080-exec-8] org.hibernate.SQL                        : select c1_0.id,c1_0.created_at,c1_0.email,c1_0.full_name,c1_0.national_id,c1_0.password_hash,c1_0.status from customers c1_0 where c1_0.email=?
2026-09-22T17:34:32.118Z DEBUG 19668 --- [core-banking-service] [nio-8080-exec-5] org.hibernate.SQL                        : select c1_0.id,c1_0.created_at,c1_0.email,c1_0.full_name,c1_0.national_id,c1_0.password_hash,c1_0.status from customers c1_0 where c1_0.email=?
2026-09-22T17:34:32.121Z DEBUG 19668 --- [core-banking-service] [nio-8080-exec-9] org.hibernate.SQL                        : select c1_0.id,c1_0.created_at,c1_0.email,c1_0.full_name,c1_0.national_id,c1_0.password_hash,c1_0.status from customers c1_0 where c1_0.email=?
2026-09-22T17:34:32.122Z DEBUG 19668 --- [core-banking-service] [io-8080-exec-10] org.hibernate.SQL                        : select c1_0.id,c1_0.created_at,c1_0.email,c1_0.full_name,c1_0.national_id,c1_0.password_hash,c1_0.status from customers c1_0 where c1_0.email=?
2026-09-22T17:34:32.121Z DEBUG 19668 --- [core-banking-service] [nio-8080-exec-2] org.hibernate.SQL                        : select c1_0.id,c1_0.created_at,c1_0.email,c1_0.full_name,c1_0.national_id,c1_0.password_hash,c1_0.status from customers c1_0 where c1_0.email=?
2026-09-22T17:34:32.127Z DEBUG 19668 --- [core-banking-service] [nio-8080-exec-3] org.hibernate.SQL                        : select c1_0.id,c1_0.created_at,c1_0.email,c1_0.full_name,c1_0.national_id,c1_0.password_hash,c1_0.status from customers c1_0 where c1_0.email=?
2026-09-22T17:34:32.130Z DEBUG 19668 --- [core-banking-service] [nio-8080-exec-7] org.hibernate.SQL                        : select r1_0.customer_id,r1_1.id,r1_1.name from customer_roles r1_0 join roles r1_1 on r1_1.id=r1_0.role_id where r1_0.customer_id=?
2026-09-22T17:34:32.131Z DEBUG 19668 --- [core-banking-service] [io-8080-exec-10] org.hibernate.SQL                        : select r1_0.customer_id,r1_1.id,r1_1.name from customer_roles r1_0 join roles r1_1 on r1_1.id=r1_0.role_id where r1_0.customer_id=?
2026-09-22T17:34:32.132Z DEBUG 19668 --- [core-banking-service] [nio-8080-exec-8] org.hibernate.SQL                        : select r1_0.customer_id,r1_1.id,r1_1.name from customer_roles r1_0 join roles r1_1 on r1_1.id=r1_0.role_id where r1_0.customer_id=?
2026-09-22T17:34:32.132Z DEBUG 19668 --- [core-banking-service] [nio-8080-exec-2] org.hibernate.SQL                        : select r1_0.customer_id,r1_1.id,r1_1.name from customer_roles r1_0 join roles r1_1 on r1_1.id=r1_0.role_id where r1_0.customer_id=?
2026-09-22T17:34:32.133Z DEBUG 19668 --- [core-banking-service] [nio-8080-exec-1] org.hibernate.SQL                        : select r1_0.customer_id,r1_1.id,r1_1.name from customer_roles r1_0 join roles r1_1 on r1_1.id=r1_0.role_id where r1_0.customer_id=?
2026-09-22T17:34:32.132Z DEBUG 19668 --- [core-banking-service] [io-8080-exec-12] org.hibernate.SQL                        : select c1_0.id,c1_0.created_at,c1_0.email,c1_0.full_name,c1_0.national_id,c1_0.password_hash,c1_0.status from customers c1_0 where c1_0.email=?
2026-09-22T17:34:32.135Z DEBUG 19668 --- [core-banking-service] [nio-8080-exec-9] org.hibernate.SQL                        : select r1_0.customer_id,r1_1.id,r1_1.name from customer_roles r1_0 join roles r1_1 on r1_1.id=r1_0.role_id where r1_0.customer_id=?
2026-09-22T17:34:32.135Z DEBUG 19668 --- [core-banking-service] [nio-8080-exec-6] org.hibernate.SQL                        : select r1_0.customer_id,r1_1.id,r1_1.name from customer_roles r1_0 join roles r1_1 on r1_1.id=r1_0.role_id where r1_0.customer_id=?
2026-09-22T17:34:32.135Z DEBUG 19668 --- [core-banking-service] [nio-8080-exec-4] org.hibernate.SQL                        : select r1_0.customer_id,r1_1.id,r1_1.name from customer_roles r1_0 join roles r1_1 on r1_1.id=r1_0.role_id where r1_0.customer_id=?
2026-09-22T17:34:32.139Z DEBUG 19668 --- [core-banking-service] [nio-8080-exec-5] org.hibernate.SQL                        : select r1_0.customer_id,r1_1.id,r1_1.name from customer_roles r1_0 join roles r1_1 on r1_1.id=r1_0.role_id where r1_0.customer_id=?
2026-09-22T17:34:32.139Z DEBUG 19668 --- [core-banking-service] [nio-8080-exec-3] org.hibernate.SQL                        : select r1_0.customer_id,r1_1.id,r1_1.name from customer_roles r1_0 join roles r1_1 on r1_1.id=r1_0.role_id where r1_0.customer_id=?
2026-09-22T17:34:32.141Z DEBUG 19668 --- [core-banking-service] [io-8080-exec-11] org.hibernate.SQL                        : select c1_0.id,c1_0.created_at,c1_0.email,c1_0.full_name,c1_0.national_id,c1_0.password_hash,c1_0.status from customers c1_0 where c1_0.email=?
2026-09-22T17:34:32.141Z DEBUG 19668 --- [core-banking-service] [io-8080-exec-13] org.hibernate.SQL                        : select c1_0.id,c1_0.created_at,c1_0.email,c1_0.full_name,c1_0.national_id,c1_0.password_hash,c1_0.status from customers c1_0 where c1_0.email=?
2026-09-22T17:34:32.154Z DEBUG 19668 --- [core-banking-service] [io-8080-exec-12] org.hibernate.SQL                        : select r1_0.customer_id,r1_1.id,r1_1.name from customer_roles r1_0 join roles r1_1 on r1_1.id=r1_0.role_id where r1_0.customer_id=?
2026-09-22T17:34:32.170Z DEBUG 19668 --- [core-banking-service] [io-8080-exec-14] org.hibernate.SQL                        : select c1_0.id,c1_0.created_at,c1_0.email,c1_0.full_name,c1_0.national_id,c1_0.password_hash,c1_0.status from customers c1_0 where c1_0.email=?
2026-09-22T17:34:32.171Z DEBUG 19668 --- [core-banking-service] [io-8080-exec-15] org.hibernate.SQL                        : select c1_0.id,c1_0.created_at,c1_0.email,c1_0.full_name,c1_0.national_id,c1_0.password_hash,c1_0.status from customers c1_0 where c1_0.email=?
2026-09-22T17:34:32.175Z DEBUG 19668 --- [core-banking-service] [io-8080-exec-13] org.hibernate.SQL                        : select r1_0.customer_id,r1_1.id,r1_1.name from customer_roles r1_0 join roles r1_1 on r1_1.id=r1_0.role_id where r1_0.customer_id=?
2026-09-22T17:34:32.176Z DEBUG 19668 --- [core-banking-service] [io-8080-exec-11] org.hibernate.SQL                        : select r1_0.customer_id,r1_1.id,r1_1.name from customer_roles r1_0 join roles r1_1 on r1_1.id=r1_0.role_id where r1_0.customer_id=?
2026-09-22T17:34:32.182Z DEBUG 19668 --- [core-banking-service] [io-8080-exec-16] org.hibernate.SQL                        : select c1_0.id,c1_0.created_at,c1_0.email,c1_0.full_name,c1_0.national_id,c1_0.password_hash,c1_0.status from customers c1_0 where c1_0.email=?
2026-09-22T17:34:32.182Z DEBUG 19668 --- [core-banking-service] [io-8080-exec-17] org.hibernate.SQL                        : select c1_0.id,c1_0.created_at,c1_0.email,c1_0.full_name,c1_0.national_id,c1_0.password_hash,c1_0.status from customers c1_0 where c1_0.email=?
2026-09-22T17:34:32.187Z DEBUG 19668 --- [core-banking-service] [io-8080-exec-14] org.hibernate.SQL                        : select r1_0.customer_id,r1_1.id,r1_1.name from customer_roles r1_0 join roles r1_1 on r1_1.id=r1_0.role_id where r1_0.customer_id=?
2026-09-22T17:34:32.188Z DEBUG 19668 --- [core-banking-service] [io-8080-exec-15] org.hibernate.SQL                        : select r1_0.customer_id,r1_1.id,r1_1.name from customer_roles r1_0 join roles r1_1 on r1_1.id=r1_0.role_id where r1_0.customer_id=?
2026-09-22T17:34:32.185Z DEBUG 19668 --- [core-banking-service] [io-8080-exec-18] org.hibernate.SQL                        : select c1_0.id,c1_0.created_at,c1_0.email,c1_0.full_name,c1_0.national_id,c1_0.password_hash,c1_0.status from customers c1_0 where c1_0.email=?
2026-09-22T17:34:32.198Z DEBUG 19668 --- [core-banking-service] [io-8080-exec-20] org.hibernate.SQL                        : select c1_0.id,c1_0.created_at,c1_0.email,c1_0.full_name,c1_0.national_id,c1_0.password_hash,c1_0.status from customers c1_0 where c1_0.email=?
2026-09-22T17:34:32.208Z DEBUG 19668 --- [core-banking-service] [io-8080-exec-16] org.hibernate.SQL                        : select r1_0.customer_id,r1_1.id,r1_1.name from customer_roles r1_0 join roles r1_1 on r1_1.id=r1_0.role_id where r1_0.customer_id=?
2026-09-22T17:34:32.208Z DEBUG 19668 --- [core-banking-service] [io-8080-exec-18] org.hibernate.SQL                        : select r1_0.customer_id,r1_1.id,r1_1.name from customer_roles r1_0 join roles r1_1 on r1_1.id=r1_0.role_id where r1_0.customer_id=?
2026-09-22T17:34:32.210Z DEBUG 19668 --- [core-banking-service] [io-8080-exec-17] org.hibernate.SQL                        : select r1_0.customer_id,r1_1.id,r1_1.name from customer_roles r1_0 join roles r1_1 on r1_1.id=r1_0.role_id where r1_0.customer_id=?
2026-09-22T17:34:32.212Z DEBUG 19668 --- [core-banking-service] [io-8080-exec-19] org.hibernate.SQL                        : select c1_0.id,c1_0.created_at,c1_0.email,c1_0.full_name,c1_0.national_id,c1_0.password_hash,c1_0.status from customers c1_0 where c1_0.email=?
2026-09-22T17:34:32.233Z DEBUG 19668 --- [core-banking-service] [io-8080-exec-20] org.hibernate.SQL                        : select r1_0.customer_id,r1_1.id,r1_1.name from customer_roles r1_0 join roles r1_1 on r1_1.id=r1_0.role_id where r1_0.customer_id=?
2026-09-22T17:34:32.235Z DEBUG 19668 --- [core-banking-service] [io-8080-exec-19] org.hibernate.SQL                        : select r1_0.customer_id,r1_1.id,r1_1.name from customer_roles r1_0 join roles r1_1 on r1_1.id=r1_0.role_id where r1_0.customer_id=?
2026-09-22T17:34:32.777Z DEBUG 19668 --- [core-banking-service] [nio-8080-exec-7] org.hibernate.SQL                        : select a1_0.id,a1_0.account_number,a1_0.account_type,a1_0.balance,a1_0.currency,a1_0.customer_id,a1_0.opened_at,a1_0.status from accounts a1_0 where a1_0.id=? and a1_0.customer_id=?
2026-09-22T17:34:32.790Z DEBUG 19668 --- [core-banking-service] [nio-8080-exec-5] org.hibernate.SQL                        : select a1_0.id,a1_0.account_number,a1_0.account_type,a1_0.balance,a1_0.currency,a1_0.customer_id,a1_0.opened_at,a1_0.status from accounts a1_0 where a1_0.id=? and a1_0.customer_id=?
2026-09-22T17:34:32.791Z DEBUG 19668 --- [core-banking-service] [nio-8080-exec-6] org.hibernate.SQL                        : select a1_0.id,a1_0.account_number,a1_0.account_type,a1_0.balance,a1_0.currency,a1_0.customer_id,a1_0.opened_at,a1_0.status from accounts a1_0 where a1_0.id=? and a1_0.customer_id=?
2026-09-22T17:34:32.792Z DEBUG 19668 --- [core-banking-service] [io-8080-exec-12] org.hibernate.SQL                        : select a1_0.id,a1_0.account_number,a1_0.account_type,a1_0.balance,a1_0.currency,a1_0.customer_id,a1_0.opened_at,a1_0.status from accounts a1_0 where a1_0.id=? and a1_0.customer_id=?
2026-09-22T17:34:32.792Z DEBUG 19668 --- [core-banking-service] [nio-8080-exec-1] org.hibernate.SQL                        : select a1_0.id,a1_0.account_number,a1_0.account_type,a1_0.balance,a1_0.currency,a1_0.customer_id,a1_0.opened_at,a1_0.status from accounts a1_0 where a1_0.id=? and a1_0.customer_id=?
2026-09-22T17:34:32.808Z DEBUG 19668 --- [core-banking-service] [nio-8080-exec-3] org.hibernate.SQL                        : select a1_0.id,a1_0.account_number,a1_0.account_type,a1_0.balance,a1_0.currency,a1_0.customer_id,a1_0.opened_at,a1_0.status from accounts a1_0 where a1_0.id=? and a1_0.customer_id=?
2026-09-22T17:34:32.809Z DEBUG 19668 --- [core-banking-service] [nio-8080-exec-7] org.hibernate.SQL                        : select at1_0.id from transactions at1_0 where at1_0.reference=? fetch first ? rows only
2026-09-22T17:34:32.793Z DEBUG 19668 --- [core-banking-service] [nio-8080-exec-2] org.hibernate.SQL                        : select a1_0.id,a1_0.account_number,a1_0.account_type,a1_0.balance,a1_0.currency,a1_0.customer_id,a1_0.opened_at,a1_0.status from accounts a1_0 where a1_0.id=? and a1_0.customer_id=?
2026-09-22T17:34:32.811Z DEBUG 19668 --- [core-banking-service] [nio-8080-exec-8] org.hibernate.SQL                        : select a1_0.id,a1_0.account_number,a1_0.account_type,a1_0.balance,a1_0.currency,a1_0.customer_id,a1_0.opened_at,a1_0.status from accounts a1_0 where a1_0.id=? and a1_0.customer_id=?
2026-09-22T17:34:32.827Z DEBUG 19668 --- [core-banking-service] [nio-8080-exec-1] org.hibernate.SQL                        : select at1_0.id from transactions at1_0 where at1_0.reference=? fetch first ? rows only
2026-09-22T17:34:32.827Z DEBUG 19668 --- [core-banking-service] [nio-8080-exec-6] org.hibernate.SQL                        : select at1_0.id from transactions at1_0 where at1_0.reference=? fetch first ? rows only
2026-09-22T17:34:32.828Z DEBUG 19668 --- [core-banking-service] [io-8080-exec-10] org.hibernate.SQL                        : select a1_0.id,a1_0.account_number,a1_0.account_type,a1_0.balance,a1_0.currency,a1_0.customer_id,a1_0.opened_at,a1_0.status from accounts a1_0 where a1_0.id=? and a1_0.customer_id=?
2026-09-22T17:34:32.828Z DEBUG 19668 --- [core-banking-service] [nio-8080-exec-5] org.hibernate.SQL                        : select at1_0.id from transactions at1_0 where at1_0.reference=? fetch first ? rows only
2026-09-22T17:34:32.832Z DEBUG 19668 --- [core-banking-service] [io-8080-exec-12] org.hibernate.SQL                        : select at1_0.id from transactions at1_0 where at1_0.reference=? fetch first ? rows only
2026-09-22T17:34:32.832Z DEBUG 19668 --- [core-banking-service] [nio-8080-exec-3] org.hibernate.SQL                        : select at1_0.id from transactions at1_0 where at1_0.reference=? fetch first ? rows only
2026-09-22T17:34:32.838Z DEBUG 19668 --- [core-banking-service] [nio-8080-exec-7] org.hibernate.SQL                        : insert into transactions (account_id,amount,balance_after,counterparty_account_id,created_at,description,reference,tx_type) values (?,?,?,?,?,?,?,?) returning id
2026-09-22T17:34:32.839Z DEBUG 19668 --- [core-banking-service] [nio-8080-exec-1] org.hibernate.SQL                        : insert into transactions (account_id,amount,balance_after,counterparty_account_id,created_at,description,reference,tx_type) values (?,?,?,?,?,?,?,?) returning id
2026-09-22T17:34:32.841Z DEBUG 19668 --- [core-banking-service] [nio-8080-exec-2] org.hibernate.SQL                        : select at1_0.id from transactions at1_0 where at1_0.reference=? fetch first ? rows only
2026-09-22T17:34:32.842Z DEBUG 19668 --- [core-banking-service] [nio-8080-exec-8] org.hibernate.SQL                        : select at1_0.id from transactions at1_0 where at1_0.reference=? fetch first ? rows only
2026-09-22T17:34:32.843Z DEBUG 19668 --- [core-banking-service] [nio-8080-exec-6] org.hibernate.SQL                        : insert into transactions (account_id,amount,balance_after,counterparty_account_id,created_at,description,reference,tx_type) values (?,?,?,?,?,?,?,?) returning id
2026-09-22T17:34:32.834Z DEBUG 19668 --- [core-banking-service] [io-8080-exec-11] org.hibernate.SQL                        : select a1_0.id,a1_0.account_number,a1_0.account_type,a1_0.balance,a1_0.currency,a1_0.customer_id,a1_0.opened_at,a1_0.status from accounts a1_0 where a1_0.id=? and a1_0.customer_id=?
2026-09-22T17:34:32.848Z DEBUG 19668 --- [core-banking-service] [nio-8080-exec-4] org.hibernate.SQL                        : select a1_0.id,a1_0.account_number,a1_0.account_type,a1_0.balance,a1_0.currency,a1_0.customer_id,a1_0.opened_at,a1_0.status from accounts a1_0 where a1_0.id=? and a1_0.customer_id=?
2026-09-22T17:34:32.861Z DEBUG 19668 --- [core-banking-service] [io-8080-exec-15] org.hibernate.SQL                        : select a1_0.id,a1_0.account_number,a1_0.account_type,a1_0.balance,a1_0.currency,a1_0.customer_id,a1_0.opened_at,a1_0.status from accounts a1_0 where a1_0.id=? and a1_0.customer_id=?
2026-09-22T17:34:32.866Z DEBUG 19668 --- [core-banking-service] [io-8080-exec-12] org.hibernate.SQL                        : insert into transactions (account_id,amount,balance_after,counterparty_account_id,created_at,description,reference,tx_type) values (?,?,?,?,?,?,?,?) returning id
2026-09-22T17:34:32.866Z DEBUG 19668 --- [core-banking-service] [nio-8080-exec-8] org.hibernate.SQL                        : insert into transactions (account_id,amount,balance_after,counterparty_account_id,created_at,description,reference,tx_type) values (?,?,?,?,?,?,?,?) returning id
2026-09-22T17:34:32.866Z DEBUG 19668 --- [core-banking-service] [nio-8080-exec-5] org.hibernate.SQL                        : insert into transactions (account_id,amount,balance_after,counterparty_account_id,created_at,description,reference,tx_type) values (?,?,?,?,?,?,?,?) returning id
2026-09-22T17:34:32.869Z  INFO 19668 --- [core-banking-service] [nio-8080-exec-7] c.m.b.service.AccountTransactionService  : Deposited 100.00 into MB-0000-1001, balance is now 89350.00
2026-09-22T17:34:32.869Z DEBUG 19668 --- [core-banking-service] [nio-8080-exec-2] org.hibernate.SQL                        : insert into transactions (account_id,amount,balance_after,counterparty_account_id,created_at,description,reference,tx_type) values (?,?,?,?,?,?,?,?) returning id
2026-09-22T17:34:32.870Z DEBUG 19668 --- [core-banking-service] [nio-8080-exec-7] org.hibernate.SQL                        : update accounts set account_number=?,account_type=?,balance=?,currency=?,customer_id=?,status=? where id=?
2026-09-22T17:34:32.869Z  INFO 19668 --- [core-banking-service] [nio-8080-exec-6] c.m.b.service.AccountTransactionService  : Deposited 100.00 into MB-0000-1001, balance is now 89350.00
2026-09-22T17:34:32.871Z DEBUG 19668 --- [core-banking-service] [io-8080-exec-10] org.hibernate.SQL                        : select at1_0.id from transactions at1_0 where at1_0.reference=? fetch first ? rows only
2026-09-22T17:34:32.871Z DEBUG 19668 --- [core-banking-service] [nio-8080-exec-6] org.hibernate.SQL                        : update accounts set account_number=?,account_type=?,balance=?,currency=?,customer_id=?,status=? where id=?
2026-09-22T17:34:32.873Z  INFO 19668 --- [core-banking-service] [nio-8080-exec-1] c.m.b.service.AccountTransactionService  : Deposited 100.00 into MB-0000-1001, balance is now 89350.00
2026-09-22T17:34:32.876Z DEBUG 19668 --- [core-banking-service] [nio-8080-exec-1] org.hibernate.SQL                        : update accounts set account_number=?,account_type=?,balance=?,currency=?,customer_id=?,status=? where id=?
2026-09-22T17:34:32.876Z DEBUG 19668 --- [core-banking-service] [nio-8080-exec-9] org.hibernate.SQL                        : select a1_0.id,a1_0.account_number,a1_0.account_type,a1_0.balance,a1_0.currency,a1_0.customer_id,a1_0.opened_at,a1_0.status from accounts a1_0 where a1_0.id=? and a1_0.customer_id=?
2026-09-22T17:34:32.881Z  INFO 19668 --- [core-banking-service] [nio-8080-exec-8] c.m.b.service.AccountTransactionService  : Deposited 100.00 into MB-0000-1001, balance is now 89350.00
2026-09-22T17:34:32.882Z DEBUG 19668 --- [core-banking-service] [nio-8080-exec-8] org.hibernate.SQL                        : update accounts set account_number=?,account_type=?,balance=?,currency=?,customer_id=?,status=? where id=?
2026-09-22T17:34:32.883Z DEBUG 19668 --- [core-banking-service] [io-8080-exec-11] org.hibernate.SQL                        : select at1_0.id from transactions at1_0 where at1_0.reference=? fetch first ? rows only
2026-09-22T17:34:32.882Z DEBUG 19668 --- [core-banking-service] [io-8080-exec-19] org.hibernate.SQL                        : select a1_0.id,a1_0.account_number,a1_0.account_type,a1_0.balance,a1_0.currency,a1_0.customer_id,a1_0.opened_at,a1_0.status from accounts a1_0 where a1_0.id=? and a1_0.customer_id=?
2026-09-22T17:34:32.884Z DEBUG 19668 --- [core-banking-service] [nio-8080-exec-4] org.hibernate.SQL                        : select at1_0.id from transactions at1_0 where at1_0.reference=? fetch first ? rows only
2026-09-22T17:34:32.886Z DEBUG 19668 --- [core-banking-service] [nio-8080-exec-3] org.hibernate.SQL                        : insert into transactions (account_id,amount,balance_after,counterparty_account_id,created_at,description,reference,tx_type) values (?,?,?,?,?,?,?,?) returning id
2026-09-22T17:34:32.889Z DEBUG 19668 --- [core-banking-service] [io-8080-exec-15] org.hibernate.SQL                        : select at1_0.id from transactions at1_0 where at1_0.reference=? fetch first ? rows only
2026-09-22T17:34:32.891Z DEBUG 19668 --- [core-banking-service] [io-8080-exec-10] org.hibernate.SQL                        : insert into transactions (account_id,amount,balance_after,counterparty_account_id,created_at,description,reference,tx_type) values (?,?,?,?,?,?,?,?) returning id
2026-09-22T17:34:32.891Z DEBUG 19668 --- [core-banking-service] [io-8080-exec-14] org.hibernate.SQL                        : select a1_0.id,a1_0.account_number,a1_0.account_type,a1_0.balance,a1_0.currency,a1_0.customer_id,a1_0.opened_at,a1_0.status from accounts a1_0 where a1_0.id=? and a1_0.customer_id=?
2026-09-22T17:34:32.893Z  INFO 19668 --- [core-banking-service] [io-8080-exec-12] c.m.b.service.AccountTransactionService  : Deposited 100.00 into MB-0000-1001, balance is now 89350.00
2026-09-22T17:34:32.893Z  INFO 19668 --- [core-banking-service] [nio-8080-exec-5] c.m.b.service.AccountTransactionService  : Deposited 100.00 into MB-0000-1001, balance is now 89350.00
2026-09-22T17:34:32.894Z  INFO 19668 --- [core-banking-service] [nio-8080-exec-2] c.m.b.service.AccountTransactionService  : Deposited 100.00 into MB-0000-1001, balance is now 89350.00
2026-09-22T17:34:32.895Z DEBUG 19668 --- [core-banking-service] [nio-8080-exec-5] org.hibernate.SQL                        : update accounts set account_number=?,account_type=?,balance=?,currency=?,customer_id=?,status=? where id=?
2026-09-22T17:34:32.895Z DEBUG 19668 --- [core-banking-service] [io-8080-exec-12] org.hibernate.SQL                        : update accounts set account_number=?,account_type=?,balance=?,currency=?,customer_id=?,status=? where id=?
2026-09-22T17:34:32.895Z DEBUG 19668 --- [core-banking-service] [nio-8080-exec-2] org.hibernate.SQL                        : update accounts set account_number=?,account_type=?,balance=?,currency=?,customer_id=?,status=? where id=?
2026-09-22T17:34:32.906Z DEBUG 19668 --- [core-banking-service] [io-8080-exec-15] org.hibernate.SQL                        : insert into transactions (account_id,amount,balance_after,counterparty_account_id,created_at,description,reference,tx_type) values (?,?,?,?,?,?,?,?) returning id
2026-09-22T17:34:32.908Z DEBUG 19668 --- [core-banking-service] [io-8080-exec-14] org.hibernate.SQL                        : select at1_0.id from transactions at1_0 where at1_0.reference=? fetch first ? rows only
2026-09-22T17:34:32.909Z DEBUG 19668 --- [core-banking-service] [nio-8080-exec-9] org.hibernate.SQL                        : select at1_0.id from transactions at1_0 where at1_0.reference=? fetch first ? rows only
2026-09-22T17:34:32.910Z  INFO 19668 --- [core-banking-service] [io-8080-exec-10] c.m.b.service.AccountTransactionService  : Deposited 100.00 into MB-0000-1001, balance is now 89350.00
2026-09-22T17:34:32.911Z DEBUG 19668 --- [core-banking-service] [io-8080-exec-11] org.hibernate.SQL                        : insert into transactions (account_id,amount,balance_after,counterparty_account_id,created_at,description,reference,tx_type) values (?,?,?,?,?,?,?,?) returning id
2026-09-22T17:34:32.913Z  INFO 19668 --- [core-banking-service] [nio-8080-exec-3] c.m.b.service.AccountTransactionService  : Deposited 100.00 into MB-0000-1001, balance is now 89350.00
2026-09-22T17:34:32.911Z DEBUG 19668 --- [core-banking-service] [io-8080-exec-10] org.hibernate.SQL                        : update accounts set account_number=?,account_type=?,balance=?,currency=?,customer_id=?,status=? where id=?
2026-09-22T17:34:32.914Z DEBUG 19668 --- [core-banking-service] [nio-8080-exec-3] org.hibernate.SQL                        : update accounts set account_number=?,account_type=?,balance=?,currency=?,customer_id=?,status=? where id=?
2026-09-22T17:34:32.925Z DEBUG 19668 --- [core-banking-service] [io-8080-exec-17] org.hibernate.SQL                        : select a1_0.id,a1_0.account_number,a1_0.account_type,a1_0.balance,a1_0.currency,a1_0.customer_id,a1_0.opened_at,a1_0.status from accounts a1_0 where a1_0.id=? and a1_0.customer_id=?
2026-09-22T17:34:32.916Z DEBUG 19668 --- [core-banking-service] [io-8080-exec-19] org.hibernate.SQL                        : select at1_0.id from transactions at1_0 where at1_0.reference=? fetch first ? rows only
2026-09-22T17:34:32.930Z DEBUG 19668 --- [core-banking-service] [nio-8080-exec-4] org.hibernate.SQL                        : insert into transactions (account_id,amount,balance_after,counterparty_account_id,created_at,description,reference,tx_type) values (?,?,?,?,?,?,?,?) returning id
2026-09-22T17:34:32.935Z DEBUG 19668 --- [core-banking-service] [io-8080-exec-16] org.hibernate.SQL                        : select a1_0.id,a1_0.account_number,a1_0.account_type,a1_0.balance,a1_0.currency,a1_0.customer_id,a1_0.opened_at,a1_0.status from accounts a1_0 where a1_0.id=? and a1_0.customer_id=?
2026-09-22T17:34:32.938Z DEBUG 19668 --- [core-banking-service] [nio-8080-exec-6] org.hibernate.SQL                        : select c1_0.id,c1_0.created_at,c1_0.email,c1_0.full_name,c1_0.national_id,c1_0.password_hash,c1_0.status from customers c1_0 where c1_0.email=?
2026-09-22T17:34:32.944Z DEBUG 19668 --- [core-banking-service] [nio-8080-exec-9] org.hibernate.SQL                        : insert into transactions (account_id,amount,balance_after,counterparty_account_id,created_at,description,reference,tx_type) values (?,?,?,?,?,?,?,?) returning id
2026-09-22T17:34:32.945Z DEBUG 19668 --- [core-banking-service] [io-8080-exec-19] org.hibernate.SQL                        : insert into transactions (account_id,amount,balance_after,counterparty_account_id,created_at,description,reference,tx_type) values (?,?,?,?,?,?,?,?) returning id
2026-09-22T17:34:32.946Z  INFO 19668 --- [core-banking-service] [io-8080-exec-11] c.m.b.service.AccountTransactionService  : Deposited 100.00 into MB-0000-1001, balance is now 89350.00
2026-09-22T17:34:32.946Z  INFO 19668 --- [core-banking-service] [io-8080-exec-15] c.m.b.service.AccountTransactionService  : Deposited 100.00 into MB-0000-1001, balance is now 89350.00
2026-09-22T17:34:32.947Z DEBUG 19668 --- [core-banking-service] [io-8080-exec-11] org.hibernate.SQL                        : update accounts set account_number=?,account_type=?,balance=?,currency=?,customer_id=?,status=? where id=?
2026-09-22T17:34:32.948Z DEBUG 19668 --- [core-banking-service] [io-8080-exec-15] org.hibernate.SQL                        : update accounts set account_number=?,account_type=?,balance=?,currency=?,customer_id=?,status=? where id=?
2026-09-22T17:34:32.955Z DEBUG 19668 --- [core-banking-service] [io-8080-exec-14] org.hibernate.SQL                        : insert into transactions (account_id,amount,balance_after,counterparty_account_id,created_at,description,reference,tx_type) values (?,?,?,?,?,?,?,?) returning id
2026-09-22T17:34:32.958Z DEBUG 19668 --- [core-banking-service] [io-8080-exec-17] org.hibernate.SQL                        : select at1_0.id from transactions at1_0 where at1_0.reference=? fetch first ? rows only
2026-09-22T17:34:32.961Z DEBUG 19668 --- [core-banking-service] [io-8080-exec-20] org.hibernate.SQL                        : select a1_0.id,a1_0.account_number,a1_0.account_type,a1_0.balance,a1_0.currency,a1_0.customer_id,a1_0.opened_at,a1_0.status from accounts a1_0 where a1_0.id=? and a1_0.customer_id=?
2026-09-22T17:34:32.961Z  INFO 19668 --- [core-banking-service] [nio-8080-exec-4] c.m.b.service.AccountTransactionService  : Deposited 100.00 into MB-0000-1001, balance is now 89350.00
2026-09-22T17:34:32.965Z  INFO 19668 --- [core-banking-service] [nio-8080-exec-9] c.m.b.service.AccountTransactionService  : Deposited 100.00 into MB-0000-1001, balance is now 89350.00
2026-09-22T17:34:32.966Z DEBUG 19668 --- [core-banking-service] [nio-8080-exec-9] org.hibernate.SQL                        : update accounts set account_number=?,account_type=?,balance=?,currency=?,customer_id=?,status=? where id=?
2026-09-22T17:34:32.967Z  INFO 19668 --- [core-banking-service] [io-8080-exec-19] c.m.b.service.AccountTransactionService  : Deposited 100.00 into MB-0000-1001, balance is now 89350.00
2026-09-22T17:34:32.967Z DEBUG 19668 --- [core-banking-service] [io-8080-exec-16] org.hibernate.SQL                        : select at1_0.id from transactions at1_0 where at1_0.reference=? fetch first ? rows only
2026-09-22T17:34:32.967Z DEBUG 19668 --- [core-banking-service] [io-8080-exec-19] org.hibernate.SQL                        : update accounts set account_number=?,account_type=?,balance=?,currency=?,customer_id=?,status=? where id=?
2026-09-22T17:34:32.971Z DEBUG 19668 --- [core-banking-service] [io-8080-exec-13] org.hibernate.SQL                        : select a1_0.id,a1_0.account_number,a1_0.account_type,a1_0.balance,a1_0.currency,a1_0.customer_id,a1_0.opened_at,a1_0.status from accounts a1_0 where a1_0.id=? and a1_0.customer_id=?
2026-09-22T17:34:32.972Z  INFO 19668 --- [core-banking-service] [io-8080-exec-14] c.m.b.service.AccountTransactionService  : Deposited 100.00 into MB-0000-1001, balance is now 89350.00
2026-09-22T17:34:32.975Z DEBUG 19668 --- [core-banking-service] [nio-8080-exec-6] org.hibernate.SQL                        : select r1_0.customer_id,r1_1.id,r1_1.name from customer_roles r1_0 join roles r1_1 on r1_1.id=r1_0.role_id where r1_0.customer_id=?
2026-09-22T17:34:32.975Z DEBUG 19668 --- [core-banking-service] [io-8080-exec-14] org.hibernate.SQL                        : update accounts set account_number=?,account_type=?,balance=?,currency=?,customer_id=?,status=? where id=?
2026-09-22T17:34:32.975Z DEBUG 19668 --- [core-banking-service] [io-8080-exec-18] org.hibernate.SQL                        : select a1_0.id,a1_0.account_number,a1_0.account_type,a1_0.balance,a1_0.currency,a1_0.customer_id,a1_0.opened_at,a1_0.status from accounts a1_0 where a1_0.id=? and a1_0.customer_id=?
2026-09-22T17:34:32.978Z DEBUG 19668 --- [core-banking-service] [nio-8080-exec-4] org.hibernate.SQL                        : update accounts set account_number=?,account_type=?,balance=?,currency=?,customer_id=?,status=? where id=?
2026-09-22T17:34:32.981Z DEBUG 19668 --- [core-banking-service] [io-8080-exec-17] org.hibernate.SQL                        : insert into transactions (account_id,amount,balance_after,counterparty_account_id,created_at,description,reference,tx_type) values (?,?,?,?,?,?,?,?) returning id
2026-09-22T17:34:32.988Z DEBUG 19668 --- [core-banking-service] [io-8080-exec-16] org.hibernate.SQL                        : insert into transactions (account_id,amount,balance_after,counterparty_account_id,created_at,description,reference,tx_type) values (?,?,?,?,?,?,?,?) returning id
2026-09-22T17:34:32.994Z DEBUG 19668 --- [core-banking-service] [nio-8080-exec-5] org.hibernate.SQL                        : select c1_0.id,c1_0.created_at,c1_0.email,c1_0.full_name,c1_0.national_id,c1_0.password_hash,c1_0.status from customers c1_0 where c1_0.email=?
2026-09-22T17:34:32.998Z DEBUG 19668 --- [core-banking-service] [io-8080-exec-13] org.hibernate.SQL                        : select at1_0.id from transactions at1_0 where at1_0.reference=? fetch first ? rows only
2026-09-22T17:34:33.000Z  INFO 19668 --- [core-banking-service] [io-8080-exec-17] c.m.b.service.AccountTransactionService  : Deposited 100.00 into MB-0000-1001, balance is now 89450.00
2026-09-22T17:34:33.001Z DEBUG 19668 --- [core-banking-service] [io-8080-exec-17] org.hibernate.SQL                        : update accounts set account_number=?,account_type=?,balance=?,currency=?,customer_id=?,status=? where id=?
2026-09-22T17:34:33.002Z DEBUG 19668 --- [core-banking-service] [io-8080-exec-20] org.hibernate.SQL                        : select at1_0.id from transactions at1_0 where at1_0.reference=? fetch first ? rows only
2026-09-22T17:34:33.003Z  INFO 19668 --- [core-banking-service] [io-8080-exec-16] c.m.b.service.AccountTransactionService  : Deposited 100.00 into MB-0000-1001, balance is now 89450.00
2026-09-22T17:34:33.009Z DEBUG 19668 --- [core-banking-service] [nio-8080-exec-3] org.hibernate.SQL                        : select c1_0.id,c1_0.created_at,c1_0.email,c1_0.full_name,c1_0.national_id,c1_0.password_hash,c1_0.status from customers c1_0 where c1_0.email=?
2026-09-22T17:34:33.009Z DEBUG 19668 --- [core-banking-service] [nio-8080-exec-5] org.hibernate.SQL                        : select r1_0.customer_id,r1_1.id,r1_1.name from customer_roles r1_0 join roles r1_1 on r1_1.id=r1_0.role_id where r1_0.customer_id=?
2026-09-22T17:34:33.015Z DEBUG 19668 --- [core-banking-service] [io-8080-exec-16] org.hibernate.SQL                        : update accounts set account_number=?,account_type=?,balance=?,currency=?,customer_id=?,status=? where id=?
2026-09-22T17:34:33.017Z DEBUG 19668 --- [core-banking-service] [io-8080-exec-13] org.hibernate.SQL                        : insert into transactions (account_id,amount,balance_after,counterparty_account_id,created_at,description,reference,tx_type) values (?,?,?,?,?,?,?,?) returning id
2026-09-22T17:34:33.023Z DEBUG 19668 --- [core-banking-service] [io-8080-exec-18] org.hibernate.SQL                        : select at1_0.id from transactions at1_0 where at1_0.reference=? fetch first ? rows only
2026-09-22T17:34:33.023Z DEBUG 19668 --- [core-banking-service] [io-8080-exec-20] org.hibernate.SQL                        : insert into transactions (account_id,amount,balance_after,counterparty_account_id,created_at,description,reference,tx_type) values (?,?,?,?,?,?,?,?) returning id
2026-09-22T17:34:33.029Z DEBUG 19668 --- [core-banking-service] [nio-8080-exec-9] org.hibernate.SQL                        : select c1_0.id,c1_0.created_at,c1_0.email,c1_0.full_name,c1_0.national_id,c1_0.password_hash,c1_0.status from customers c1_0 where c1_0.email=?
2026-09-22T17:34:33.031Z DEBUG 19668 --- [core-banking-service] [nio-8080-exec-3] org.hibernate.SQL                        : select r1_0.customer_id,r1_1.id,r1_1.name from customer_roles r1_0 join roles r1_1 on r1_1.id=r1_0.role_id where r1_0.customer_id=?
2026-09-22T17:34:33.034Z DEBUG 19668 --- [core-banking-service] [io-8080-exec-18] org.hibernate.SQL                        : insert into transactions (account_id,amount,balance_after,counterparty_account_id,created_at,description,reference,tx_type) values (?,?,?,?,?,?,?,?) returning id
2026-09-22T17:34:33.034Z  INFO 19668 --- [core-banking-service] [io-8080-exec-13] c.m.b.service.AccountTransactionService  : Deposited 100.00 into MB-0000-1001, balance is now 89450.00
2026-09-22T17:34:33.036Z DEBUG 19668 --- [core-banking-service] [io-8080-exec-13] org.hibernate.SQL                        : update accounts set account_number=?,account_type=?,balance=?,currency=?,customer_id=?,status=? where id=?
2026-09-22T17:34:33.043Z  INFO 19668 --- [core-banking-service] [io-8080-exec-20] c.m.b.service.AccountTransactionService  : Deposited 100.00 into MB-0000-1001, balance is now 89450.00
2026-09-22T17:34:33.045Z DEBUG 19668 --- [core-banking-service] [io-8080-exec-20] org.hibernate.SQL                        : update accounts set account_number=?,account_type=?,balance=?,currency=?,customer_id=?,status=? where id=?
2026-09-22T17:34:33.046Z DEBUG 19668 --- [core-banking-service] [nio-8080-exec-1] org.hibernate.SQL                        : select c1_0.id,c1_0.created_at,c1_0.email,c1_0.full_name,c1_0.national_id,c1_0.password_hash,c1_0.status from customers c1_0 where c1_0.email=?
2026-09-22T17:34:33.047Z DEBUG 19668 --- [core-banking-service] [nio-8080-exec-9] org.hibernate.SQL                        : select r1_0.customer_id,r1_1.id,r1_1.name from customer_roles r1_0 join roles r1_1 on r1_1.id=r1_0.role_id where r1_0.customer_id=?
2026-09-22T17:34:33.049Z  INFO 19668 --- [core-banking-service] [io-8080-exec-18] c.m.b.service.AccountTransactionService  : Deposited 100.00 into MB-0000-1001, balance is now 89450.00
2026-09-22T17:34:33.050Z DEBUG 19668 --- [core-banking-service] [io-8080-exec-18] org.hibernate.SQL                        : update accounts set account_number=?,account_type=?,balance=?,currency=?,customer_id=?,status=? where id=?
2026-09-22T17:34:33.055Z DEBUG 19668 --- [core-banking-service] [io-8080-exec-14] org.hibernate.SQL                        : select c1_0.id,c1_0.created_at,c1_0.email,c1_0.full_name,c1_0.national_id,c1_0.password_hash,c1_0.status from customers c1_0 where c1_0.email=?
2026-09-22T17:34:33.059Z DEBUG 19668 --- [core-banking-service] [nio-8080-exec-1] org.hibernate.SQL                        : select r1_0.customer_id,r1_1.id,r1_1.name from customer_roles r1_0 join roles r1_1 on r1_1.id=r1_0.role_id where r1_0.customer_id=?
2026-09-22T17:34:33.069Z DEBUG 19668 --- [core-banking-service] [io-8080-exec-12] org.hibernate.SQL                        : select c1_0.id,c1_0.created_at,c1_0.email,c1_0.full_name,c1_0.national_id,c1_0.password_hash,c1_0.status from customers c1_0 where c1_0.email=?
2026-09-22T17:34:33.071Z DEBUG 19668 --- [core-banking-service] [io-8080-exec-10] org.hibernate.SQL                        : select c1_0.id,c1_0.created_at,c1_0.email,c1_0.full_name,c1_0.national_id,c1_0.password_hash,c1_0.status from customers c1_0 where c1_0.email=?
2026-09-22T17:34:33.077Z DEBUG 19668 --- [core-banking-service] [io-8080-exec-14] org.hibernate.SQL                        : select r1_0.customer_id,r1_1.id,r1_1.name from customer_roles r1_0 join roles r1_1 on r1_1.id=r1_0.role_id where r1_0.customer_id=?
2026-09-22T17:34:33.082Z DEBUG 19668 --- [core-banking-service] [io-8080-exec-16] org.hibernate.SQL                        : select c1_0.id,c1_0.created_at,c1_0.email,c1_0.full_name,c1_0.national_id,c1_0.password_hash,c1_0.status from customers c1_0 where c1_0.email=?
2026-09-22T17:34:33.089Z DEBUG 19668 --- [core-banking-service] [io-8080-exec-12] org.hibernate.SQL                        : select r1_0.customer_id,r1_1.id,r1_1.name from customer_roles r1_0 join roles r1_1 on r1_1.id=r1_0.role_id where r1_0.customer_id=?
2026-09-22T17:34:33.095Z DEBUG 19668 --- [core-banking-service] [io-8080-exec-20] org.hibernate.SQL                        : select c1_0.id,c1_0.created_at,c1_0.email,c1_0.full_name,c1_0.national_id,c1_0.password_hash,c1_0.status from customers c1_0 where c1_0.email=?
2026-09-22T17:34:33.097Z DEBUG 19668 --- [core-banking-service] [io-8080-exec-16] org.hibernate.SQL                        : select r1_0.customer_id,r1_1.id,r1_1.name from customer_roles r1_0 join roles r1_1 on r1_1.id=r1_0.role_id where r1_0.customer_id=?
2026-09-22T17:34:33.102Z DEBUG 19668 --- [core-banking-service] [io-8080-exec-10] org.hibernate.SQL                        : select r1_0.customer_id,r1_1.id,r1_1.name from customer_roles r1_0 join roles r1_1 on r1_1.id=r1_0.role_id where r1_0.customer_id=?
2026-09-22T17:34:33.110Z DEBUG 19668 --- [core-banking-service] [io-8080-exec-20] org.hibernate.SQL                        : select r1_0.customer_id,r1_1.id,r1_1.name from customer_roles r1_0 join roles r1_1 on r1_1.id=r1_0.role_id where r1_0.customer_id=?
2026-09-22T17:34:33.131Z DEBUG 19668 --- [core-banking-service] [io-8080-exec-13] org.hibernate.SQL                        : select c1_0.id,c1_0.created_at,c1_0.email,c1_0.full_name,c1_0.national_id,c1_0.password_hash,c1_0.status from customers c1_0 where c1_0.email=?
2026-09-22T17:34:33.134Z DEBUG 19668 --- [core-banking-service] [io-8080-exec-11] org.hibernate.SQL                        : select c1_0.id,c1_0.created_at,c1_0.email,c1_0.full_name,c1_0.national_id,c1_0.password_hash,c1_0.status from customers c1_0 where c1_0.email=?
2026-09-22T17:34:33.151Z DEBUG 19668 --- [core-banking-service] [io-8080-exec-13] org.hibernate.SQL                        : select r1_0.customer_id,r1_1.id,r1_1.name from customer_roles r1_0 join roles r1_1 on r1_1.id=r1_0.role_id where r1_0.customer_id=?
2026-09-22T17:34:33.163Z DEBUG 19668 --- [core-banking-service] [io-8080-exec-11] org.hibernate.SQL                        : select r1_0.customer_id,r1_1.id,r1_1.name from customer_roles r1_0 join roles r1_1 on r1_1.id=r1_0.role_id where r1_0.customer_id=?
2026-09-22T17:34:33.166Z DEBUG 19668 --- [core-banking-service] [io-8080-exec-18] org.hibernate.SQL                        : select c1_0.id,c1_0.created_at,c1_0.email,c1_0.full_name,c1_0.national_id,c1_0.password_hash,c1_0.status from customers c1_0 where c1_0.email=?
2026-09-22T17:34:33.181Z DEBUG 19668 --- [core-banking-service] [io-8080-exec-15] org.hibernate.SQL                        : select c1_0.id,c1_0.created_at,c1_0.email,c1_0.full_name,c1_0.national_id,c1_0.password_hash,c1_0.status from customers c1_0 where c1_0.email=?
2026-09-22T17:34:33.195Z DEBUG 19668 --- [core-banking-service] [io-8080-exec-18] org.hibernate.SQL                        : select r1_0.customer_id,r1_1.id,r1_1.name from customer_roles r1_0 join roles r1_1 on r1_1.id=r1_0.role_id where r1_0.customer_id=?
2026-09-22T17:34:33.206Z DEBUG 19668 --- [core-banking-service] [nio-8080-exec-4] org.hibernate.SQL                        : select c1_0.id,c1_0.created_at,c1_0.email,c1_0.full_name,c1_0.national_id,c1_0.password_hash,c1_0.status from customers c1_0 where c1_0.email=?
2026-09-22T17:34:33.216Z DEBUG 19668 --- [core-banking-service] [io-8080-exec-15] org.hibernate.SQL                        : select r1_0.customer_id,r1_1.id,r1_1.name from customer_roles r1_0 join roles r1_1 on r1_1.id=r1_0.role_id where r1_0.customer_id=?
2026-09-22T17:34:33.248Z DEBUG 19668 --- [core-banking-service] [nio-8080-exec-4] org.hibernate.SQL                        : select r1_0.customer_id,r1_1.id,r1_1.name from customer_roles r1_0 join roles r1_1 on r1_1.id=r1_0.role_id where r1_0.customer_id=?
2026-09-22T17:34:33.251Z DEBUG 19668 --- [core-banking-service] [io-8080-exec-17] org.hibernate.SQL                        : select c1_0.id,c1_0.created_at,c1_0.email,c1_0.full_name,c1_0.national_id,c1_0.password_hash,c1_0.status from customers c1_0 where c1_0.email=?
2026-09-22T17:34:33.253Z DEBUG 19668 --- [core-banking-service] [nio-8080-exec-7] org.hibernate.SQL                        : select c1_0.id,c1_0.created_at,c1_0.email,c1_0.full_name,c1_0.national_id,c1_0.password_hash,c1_0.status from customers c1_0 where c1_0.email=?
2026-09-22T17:34:33.270Z DEBUG 19668 --- [core-banking-service] [io-8080-exec-17] org.hibernate.SQL                        : select r1_0.customer_id,r1_1.id,r1_1.name from customer_roles r1_0 join roles r1_1 on r1_1.id=r1_0.role_id where r1_0.customer_id=?
2026-09-22T17:34:33.286Z DEBUG 19668 --- [core-banking-service] [nio-8080-exec-7] org.hibernate.SQL                        : select r1_0.customer_id,r1_1.id,r1_1.name from customer_roles r1_0 join roles r1_1 on r1_1.id=r1_0.role_id where r1_0.customer_id=?
2026-09-22T17:34:33.301Z DEBUG 19668 --- [core-banking-service] [nio-8080-exec-2] org.hibernate.SQL                        : select c1_0.id,c1_0.created_at,c1_0.email,c1_0.full_name,c1_0.national_id,c1_0.password_hash,c1_0.status from customers c1_0 where c1_0.email=?
2026-09-22T17:34:33.319Z DEBUG 19668 --- [core-banking-service] [nio-8080-exec-8] org.hibernate.SQL                        : select c1_0.id,c1_0.created_at,c1_0.email,c1_0.full_name,c1_0.national_id,c1_0.password_hash,c1_0.status from customers c1_0 where c1_0.email=?
2026-09-22T17:34:33.329Z DEBUG 19668 --- [core-banking-service] [io-8080-exec-19] org.hibernate.SQL                        : select c1_0.id,c1_0.created_at,c1_0.email,c1_0.full_name,c1_0.national_id,c1_0.password_hash,c1_0.status from customers c1_0 where c1_0.email=?
2026-09-22T17:34:33.361Z DEBUG 19668 --- [core-banking-service] [io-8080-exec-19] org.hibernate.SQL                        : select r1_0.customer_id,r1_1.id,r1_1.name from customer_roles r1_0 join roles r1_1 on r1_1.id=r1_0.role_id where r1_0.customer_id=?
2026-09-22T17:34:33.361Z DEBUG 19668 --- [core-banking-service] [nio-8080-exec-8] org.hibernate.SQL                        : select r1_0.customer_id,r1_1.id,r1_1.name from customer_roles r1_0 join roles r1_1 on r1_1.id=r1_0.role_id where r1_0.customer_id=?
2026-09-22T17:34:33.362Z DEBUG 19668 --- [core-banking-service] [nio-8080-exec-2] org.hibernate.SQL                        : select r1_0.customer_id,r1_1.id,r1_1.name from customer_roles r1_0 join roles r1_1 on r1_1.id=r1_0.role_id where r1_0.customer_id=?
2026-09-22T17:34:33.566Z DEBUG 19668 --- [core-banking-service] [nio-8080-exec-5] org.hibernate.SQL                        : select a1_0.id,a1_0.account_number,a1_0.account_type,a1_0.balance,a1_0.currency,a1_0.customer_id,a1_0.opened_at,a1_0.status from accounts a1_0 where a1_0.id=? and a1_0.customer_id=?
2026-09-22T17:34:33.566Z DEBUG 19668 --- [core-banking-service] [nio-8080-exec-6] org.hibernate.SQL                        : select a1_0.id,a1_0.account_number,a1_0.account_type,a1_0.balance,a1_0.currency,a1_0.customer_id,a1_0.opened_at,a1_0.status from accounts a1_0 where a1_0.id=? and a1_0.customer_id=?
2026-09-22T17:34:33.571Z DEBUG 19668 --- [core-banking-service] [nio-8080-exec-3] org.hibernate.SQL                        : select a1_0.id,a1_0.account_number,a1_0.account_type,a1_0.balance,a1_0.currency,a1_0.customer_id,a1_0.opened_at,a1_0.status from accounts a1_0 where a1_0.id=? and a1_0.customer_id=?
2026-09-22T17:34:33.606Z DEBUG 19668 --- [core-banking-service] [nio-8080-exec-3] org.hibernate.SQL                        : select at1_0.id from transactions at1_0 where at1_0.reference=? fetch first ? rows only
2026-09-22T17:34:33.606Z DEBUG 19668 --- [core-banking-service] [nio-8080-exec-9] org.hibernate.SQL                        : select a1_0.id,a1_0.account_number,a1_0.account_type,a1_0.balance,a1_0.currency,a1_0.customer_id,a1_0.opened_at,a1_0.status from accounts a1_0 where a1_0.id=? and a1_0.customer_id=?
2026-09-22T17:34:33.607Z DEBUG 19668 --- [core-banking-service] [nio-8080-exec-5] org.hibernate.SQL                        : select at1_0.id from transactions at1_0 where at1_0.reference=? fetch first ? rows only
2026-09-22T17:34:33.607Z DEBUG 19668 --- [core-banking-service] [nio-8080-exec-6] org.hibernate.SQL                        : select at1_0.id from transactions at1_0 where at1_0.reference=? fetch first ? rows only
2026-09-22T17:34:33.612Z DEBUG 19668 --- [core-banking-service] [io-8080-exec-14] org.hibernate.SQL                        : select a1_0.id,a1_0.account_number,a1_0.account_type,a1_0.balance,a1_0.currency,a1_0.customer_id,a1_0.opened_at,a1_0.status from accounts a1_0 where a1_0.id=? and a1_0.customer_id=?
2026-09-22T17:34:33.625Z DEBUG 19668 --- [core-banking-service] [nio-8080-exec-3] org.hibernate.SQL                        : insert into transactions (account_id,amount,balance_after,counterparty_account_id,created_at,description,reference,tx_type) values (?,?,?,?,?,?,?,?) returning id
2026-09-22T17:34:33.626Z DEBUG 19668 --- [core-banking-service] [nio-8080-exec-5] org.hibernate.SQL                        : insert into transactions (account_id,amount,balance_after,counterparty_account_id,created_at,description,reference,tx_type) values (?,?,?,?,?,?,?,?) returning id
2026-09-22T17:34:33.627Z DEBUG 19668 --- [core-banking-service] [nio-8080-exec-6] org.hibernate.SQL                        : insert into transactions (account_id,amount,balance_after,counterparty_account_id,created_at,description,reference,tx_type) values (?,?,?,?,?,?,?,?) returning id
2026-09-22T17:34:33.627Z DEBUG 19668 --- [core-banking-service] [nio-8080-exec-9] org.hibernate.SQL                        : select at1_0.id from transactions at1_0 where at1_0.reference=? fetch first ? rows only
2026-09-22T17:34:33.656Z  INFO 19668 --- [core-banking-service] [nio-8080-exec-6] c.m.b.service.AccountTransactionService  : Deposited 100.00 into MB-0000-1001, balance is now 89450.00
2026-09-22T17:34:33.656Z  INFO 19668 --- [core-banking-service] [nio-8080-exec-5] c.m.b.service.AccountTransactionService  : Deposited 100.00 into MB-0000-1001, balance is now 89450.00
2026-09-22T17:34:33.656Z  INFO 19668 --- [core-banking-service] [nio-8080-exec-3] c.m.b.service.AccountTransactionService  : Deposited 100.00 into MB-0000-1001, balance is now 89450.00
2026-09-22T17:34:33.657Z DEBUG 19668 --- [core-banking-service] [nio-8080-exec-9] org.hibernate.SQL                        : insert into transactions (account_id,amount,balance_after,counterparty_account_id,created_at,description,reference,tx_type) values (?,?,?,?,?,?,?,?) returning id
2026-09-22T17:34:33.657Z DEBUG 19668 --- [core-banking-service] [nio-8080-exec-3] org.hibernate.SQL                        : update accounts set account_number=?,account_type=?,balance=?,currency=?,customer_id=?,status=? where id=?
2026-09-22T17:34:33.658Z DEBUG 19668 --- [core-banking-service] [nio-8080-exec-5] org.hibernate.SQL                        : update accounts set account_number=?,account_type=?,balance=?,currency=?,customer_id=?,status=? where id=?
2026-09-22T17:34:33.658Z DEBUG 19668 --- [core-banking-service] [nio-8080-exec-6] org.hibernate.SQL                        : update accounts set account_number=?,account_type=?,balance=?,currency=?,customer_id=?,status=? where id=?
2026-09-22T17:34:33.659Z DEBUG 19668 --- [core-banking-service] [io-8080-exec-14] org.hibernate.SQL                        : select at1_0.id from transactions at1_0 where at1_0.reference=? fetch first ? rows only
2026-09-22T17:34:33.679Z DEBUG 19668 --- [core-banking-service] [io-8080-exec-14] org.hibernate.SQL                        : insert into transactions (account_id,amount,balance_after,counterparty_account_id,created_at,description,reference,tx_type) values (?,?,?,?,?,?,?,?) returning id
2026-09-22T17:34:33.679Z DEBUG 19668 --- [core-banking-service] [nio-8080-exec-1] org.hibernate.SQL                        : select a1_0.id,a1_0.account_number,a1_0.account_type,a1_0.balance,a1_0.currency,a1_0.customer_id,a1_0.opened_at,a1_0.status from accounts a1_0 where a1_0.id=? and a1_0.customer_id=?
2026-09-22T17:34:33.689Z  INFO 19668 --- [core-banking-service] [nio-8080-exec-9] c.m.b.service.AccountTransactionService  : Deposited 100.00 into MB-0000-1001, balance is now 89450.00
2026-09-22T17:34:33.690Z DEBUG 19668 --- [core-banking-service] [nio-8080-exec-9] org.hibernate.SQL                        : update accounts set account_number=?,account_type=?,balance=?,currency=?,customer_id=?,status=? where id=?
2026-09-22T17:34:33.702Z DEBUG 19668 --- [core-banking-service] [io-8080-exec-16] org.hibernate.SQL                        : select a1_0.id,a1_0.account_number,a1_0.account_type,a1_0.balance,a1_0.currency,a1_0.customer_id,a1_0.opened_at,a1_0.status from accounts a1_0 where a1_0.id=? and a1_0.customer_id=?
2026-09-22T17:34:33.703Z  INFO 19668 --- [core-banking-service] [io-8080-exec-14] c.m.b.service.AccountTransactionService  : Deposited 100.00 into MB-0000-1001, balance is now 89450.00
2026-09-22T17:34:33.704Z DEBUG 19668 --- [core-banking-service] [io-8080-exec-20] org.hibernate.SQL                        : select a1_0.id,a1_0.account_number,a1_0.account_type,a1_0.balance,a1_0.currency,a1_0.customer_id,a1_0.opened_at,a1_0.status from accounts a1_0 where a1_0.id=? and a1_0.customer_id=?
2026-09-22T17:34:33.704Z DEBUG 19668 --- [core-banking-service] [io-8080-exec-14] org.hibernate.SQL                        : update accounts set account_number=?,account_type=?,balance=?,currency=?,customer_id=?,status=? where id=?
2026-09-22T17:34:33.705Z DEBUG 19668 --- [core-banking-service] [nio-8080-exec-1] org.hibernate.SQL                        : select at1_0.id from transactions at1_0 where at1_0.reference=? fetch first ? rows only
2026-09-22T17:34:33.711Z DEBUG 19668 --- [core-banking-service] [io-8080-exec-12] org.hibernate.SQL                        : select a1_0.id,a1_0.account_number,a1_0.account_type,a1_0.balance,a1_0.currency,a1_0.customer_id,a1_0.opened_at,a1_0.status from accounts a1_0 where a1_0.id=? and a1_0.customer_id=?
2026-09-22T17:34:33.711Z DEBUG 19668 --- [core-banking-service] [io-8080-exec-11] org.hibernate.SQL                        : select a1_0.id,a1_0.account_number,a1_0.account_type,a1_0.balance,a1_0.currency,a1_0.customer_id,a1_0.opened_at,a1_0.status from accounts a1_0 where a1_0.id=? and a1_0.customer_id=?
2026-09-22T17:34:33.711Z DEBUG 19668 --- [core-banking-service] [io-8080-exec-10] org.hibernate.SQL                        : select a1_0.id,a1_0.account_number,a1_0.account_type,a1_0.balance,a1_0.currency,a1_0.customer_id,a1_0.opened_at,a1_0.status from accounts a1_0 where a1_0.id=? and a1_0.customer_id=?
2026-09-22T17:34:33.711Z DEBUG 19668 --- [core-banking-service] [io-8080-exec-20] org.hibernate.SQL                        : select at1_0.id from transactions at1_0 where at1_0.reference=? fetch first ? rows only
2026-09-22T17:34:33.729Z DEBUG 19668 --- [core-banking-service] [nio-8080-exec-5] org.hibernate.SQL                        : select c1_0.id,c1_0.created_at,c1_0.email,c1_0.full_name,c1_0.national_id,c1_0.password_hash,c1_0.status from customers c1_0 where c1_0.email=?
2026-09-22T17:34:33.735Z DEBUG 19668 --- [core-banking-service] [io-8080-exec-20] org.hibernate.SQL                        : insert into transactions (account_id,amount,balance_after,counterparty_account_id,created_at,description,reference,tx_type) values (?,?,?,?,?,?,?,?) returning id
2026-09-22T17:34:33.736Z DEBUG 19668 --- [core-banking-service] [io-8080-exec-16] org.hibernate.SQL                        : select at1_0.id from transactions at1_0 where at1_0.reference=? fetch first ? rows only
2026-09-22T17:34:33.738Z DEBUG 19668 --- [core-banking-service] [nio-8080-exec-1] org.hibernate.SQL                        : insert into transactions (account_id,amount,balance_after,counterparty_account_id,created_at,description,reference,tx_type) values (?,?,?,?,?,?,?,?) returning id
2026-09-22T17:34:33.739Z DEBUG 19668 --- [core-banking-service] [io-8080-exec-12] org.hibernate.SQL                        : select at1_0.id from transactions at1_0 where at1_0.reference=? fetch first ? rows only
2026-09-22T17:34:33.742Z DEBUG 19668 --- [core-banking-service] [io-8080-exec-11] org.hibernate.SQL                        : select at1_0.id from transactions at1_0 where at1_0.reference=? fetch first ? rows only
2026-09-22T17:34:33.742Z DEBUG 19668 --- [core-banking-service] [io-8080-exec-10] org.hibernate.SQL                        : select at1_0.id from transactions at1_0 where at1_0.reference=? fetch first ? rows only
2026-09-22T17:34:33.757Z DEBUG 19668 --- [core-banking-service] [nio-8080-exec-5] org.hibernate.SQL                        : select r1_0.customer_id,r1_1.id,r1_1.name from customer_roles r1_0 join roles r1_1 on r1_1.id=r1_0.role_id where r1_0.customer_id=?
2026-09-22T17:34:33.757Z DEBUG 19668 --- [core-banking-service] [io-8080-exec-11] org.hibernate.SQL                        : insert into transactions (account_id,amount,balance_after,counterparty_account_id,created_at,description,reference,tx_type) values (?,?,?,?,?,?,?,?) returning id
2026-09-22T17:34:33.758Z DEBUG 19668 --- [core-banking-service] [io-8080-exec-10] org.hibernate.SQL                        : insert into transactions (account_id,amount,balance_after,counterparty_account_id,created_at,description,reference,tx_type) values (?,?,?,?,?,?,?,?) returning id
2026-09-22T17:34:33.758Z DEBUG 19668 --- [core-banking-service] [io-8080-exec-12] org.hibernate.SQL                        : insert into transactions (account_id,amount,balance_after,counterparty_account_id,created_at,description,reference,tx_type) values (?,?,?,?,?,?,?,?) returning id
2026-09-22T17:34:33.759Z  INFO 19668 --- [core-banking-service] [io-8080-exec-20] c.m.b.service.AccountTransactionService  : Deposited 100.00 into MB-0000-1001, balance is now 89550.00
2026-09-22T17:34:33.759Z  INFO 19668 --- [core-banking-service] [nio-8080-exec-1] c.m.b.service.AccountTransactionService  : Deposited 100.00 into MB-0000-1001, balance is now 89450.00
2026-09-22T17:34:33.760Z DEBUG 19668 --- [core-banking-service] [nio-8080-exec-1] org.hibernate.SQL                        : update accounts set account_number=?,account_type=?,balance=?,currency=?,customer_id=?,status=? where id=?
2026-09-22T17:34:33.761Z DEBUG 19668 --- [core-banking-service] [io-8080-exec-20] org.hibernate.SQL                        : update accounts set account_number=?,account_type=?,balance=?,currency=?,customer_id=?,status=? where id=?
2026-09-22T17:34:33.771Z DEBUG 19668 --- [core-banking-service] [io-8080-exec-16] org.hibernate.SQL                        : insert into transactions (account_id,amount,balance_after,counterparty_account_id,created_at,description,reference,tx_type) values (?,?,?,?,?,?,?,?) returning id
2026-09-22T17:34:33.782Z DEBUG 19668 --- [core-banking-service] [nio-8080-exec-6] org.hibernate.SQL                        : select c1_0.id,c1_0.created_at,c1_0.email,c1_0.full_name,c1_0.national_id,c1_0.password_hash,c1_0.status from customers c1_0 where c1_0.email=?
2026-09-22T17:34:33.791Z  INFO 19668 --- [core-banking-service] [io-8080-exec-10] c.m.b.service.AccountTransactionService  : Deposited 100.00 into MB-0000-1001, balance is now 89550.00
2026-09-22T17:34:33.791Z DEBUG 19668 --- [core-banking-service] [nio-8080-exec-9] org.hibernate.SQL                        : select c1_0.id,c1_0.created_at,c1_0.email,c1_0.full_name,c1_0.national_id,c1_0.password_hash,c1_0.status from customers c1_0 where c1_0.email=?
2026-09-22T17:34:33.792Z DEBUG 19668 --- [core-banking-service] [io-8080-exec-10] org.hibernate.SQL                        : update accounts set account_number=?,account_type=?,balance=?,currency=?,customer_id=?,status=? where id=?
2026-09-22T17:34:33.795Z  INFO 19668 --- [core-banking-service] [io-8080-exec-12] c.m.b.service.AccountTransactionService  : Deposited 100.00 into MB-0000-1001, balance is now 89550.00
2026-09-22T17:34:33.795Z  INFO 19668 --- [core-banking-service] [io-8080-exec-11] c.m.b.service.AccountTransactionService  : Deposited 100.00 into MB-0000-1001, balance is now 89550.00
2026-09-22T17:34:33.796Z DEBUG 19668 --- [core-banking-service] [io-8080-exec-12] org.hibernate.SQL                        : update accounts set account_number=?,account_type=?,balance=?,currency=?,customer_id=?,status=? where id=?
2026-09-22T17:34:33.797Z DEBUG 19668 --- [core-banking-service] [io-8080-exec-11] org.hibernate.SQL                        : update accounts set account_number=?,account_type=?,balance=?,currency=?,customer_id=?,status=? where id=?
2026-09-22T17:34:33.810Z  INFO 19668 --- [core-banking-service] [io-8080-exec-16] c.m.b.service.AccountTransactionService  : Deposited 100.00 into MB-0000-1001, balance is now 89550.00
2026-09-22T17:34:33.812Z DEBUG 19668 --- [core-banking-service] [io-8080-exec-16] org.hibernate.SQL                        : update accounts set account_number=?,account_type=?,balance=?,currency=?,customer_id=?,status=? where id=?
2026-09-22T17:34:33.813Z DEBUG 19668 --- [core-banking-service] [nio-8080-exec-6] org.hibernate.SQL                        : select r1_0.customer_id,r1_1.id,r1_1.name from customer_roles r1_0 join roles r1_1 on r1_1.id=r1_0.role_id where r1_0.customer_id=?
2026-09-22T17:34:33.814Z DEBUG 19668 --- [core-banking-service] [nio-8080-exec-9] org.hibernate.SQL                        : select r1_0.customer_id,r1_1.id,r1_1.name from customer_roles r1_0 join roles r1_1 on r1_1.id=r1_0.role_id where r1_0.customer_id=?
2026-09-22T17:34:33.817Z DEBUG 19668 --- [core-banking-service] [io-8080-exec-13] org.hibernate.SQL                        : select a1_0.id,a1_0.account_number,a1_0.account_type,a1_0.balance,a1_0.currency,a1_0.customer_id,a1_0.opened_at,a1_0.status from accounts a1_0 where a1_0.id=? and a1_0.customer_id=?
2026-09-22T17:34:33.818Z DEBUG 19668 --- [core-banking-service] [io-8080-exec-18] org.hibernate.SQL                        : select a1_0.id,a1_0.account_number,a1_0.account_type,a1_0.balance,a1_0.currency,a1_0.customer_id,a1_0.opened_at,a1_0.status from accounts a1_0 where a1_0.id=? and a1_0.customer_id=?
2026-09-22T17:34:33.842Z DEBUG 19668 --- [core-banking-service] [nio-8080-exec-3] org.hibernate.SQL                        : select c1_0.id,c1_0.created_at,c1_0.email,c1_0.full_name,c1_0.national_id,c1_0.password_hash,c1_0.status from customers c1_0 where c1_0.email=?
2026-09-22T17:34:33.848Z DEBUG 19668 --- [core-banking-service] [io-8080-exec-13] org.hibernate.SQL                        : select at1_0.id from transactions at1_0 where at1_0.reference=? fetch first ? rows only
2026-09-22T17:34:33.855Z DEBUG 19668 --- [core-banking-service] [io-8080-exec-14] org.hibernate.SQL                        : select c1_0.id,c1_0.created_at,c1_0.email,c1_0.full_name,c1_0.national_id,c1_0.password_hash,c1_0.status from customers c1_0 where c1_0.email=?
2026-09-22T17:34:33.848Z DEBUG 19668 --- [core-banking-service] [io-8080-exec-18] org.hibernate.SQL                        : select at1_0.id from transactions at1_0 where at1_0.reference=? fetch first ? rows only
2026-09-22T17:34:33.865Z DEBUG 19668 --- [core-banking-service] [io-8080-exec-13] org.hibernate.SQL                        : insert into transactions (account_id,amount,balance_after,counterparty_account_id,created_at,description,reference,tx_type) values (?,?,?,?,?,?,?,?) returning id
2026-09-22T17:34:33.867Z DEBUG 19668 --- [core-banking-service] [nio-8080-exec-4] org.hibernate.SQL                        : select a1_0.id,a1_0.account_number,a1_0.account_type,a1_0.balance,a1_0.currency,a1_0.customer_id,a1_0.opened_at,a1_0.status from accounts a1_0 where a1_0.id=? and a1_0.customer_id=?
2026-09-22T17:34:33.868Z DEBUG 19668 --- [core-banking-service] [nio-8080-exec-1] org.hibernate.SQL                        : select c1_0.id,c1_0.created_at,c1_0.email,c1_0.full_name,c1_0.national_id,c1_0.password_hash,c1_0.status from customers c1_0 where c1_0.email=?
2026-09-22T17:34:33.872Z DEBUG 19668 --- [core-banking-service] [nio-8080-exec-3] org.hibernate.SQL                        : select r1_0.customer_id,r1_1.id,r1_1.name from customer_roles r1_0 join roles r1_1 on r1_1.id=r1_0.role_id where r1_0.customer_id=?
2026-09-22T17:34:33.879Z DEBUG 19668 --- [core-banking-service] [io-8080-exec-18] org.hibernate.SQL                        : insert into transactions (account_id,amount,balance_after,counterparty_account_id,created_at,description,reference,tx_type) values (?,?,?,?,?,?,?,?) returning id
2026-09-22T17:34:33.879Z DEBUG 19668 --- [core-banking-service] [io-8080-exec-15] org.hibernate.SQL                        : select a1_0.id,a1_0.account_number,a1_0.account_type,a1_0.balance,a1_0.currency,a1_0.customer_id,a1_0.opened_at,a1_0.status from accounts a1_0 where a1_0.id=? and a1_0.customer_id=?
2026-09-22T17:34:33.883Z DEBUG 19668 --- [core-banking-service] [io-8080-exec-14] org.hibernate.SQL                        : select r1_0.customer_id,r1_1.id,r1_1.name from customer_roles r1_0 join roles r1_1 on r1_1.id=r1_0.role_id where r1_0.customer_id=?
2026-09-22T17:34:33.883Z  INFO 19668 --- [core-banking-service] [io-8080-exec-13] c.m.b.service.AccountTransactionService  : Deposited 100.00 into MB-0000-1001, balance is now 89550.00
2026-09-22T17:34:33.884Z DEBUG 19668 --- [core-banking-service] [io-8080-exec-13] org.hibernate.SQL                        : update accounts set account_number=?,account_type=?,balance=?,currency=?,customer_id=?,status=? where id=?
2026-09-22T17:34:33.884Z DEBUG 19668 --- [core-banking-service] [io-8080-exec-17] org.hibernate.SQL                        : select a1_0.id,a1_0.account_number,a1_0.account_type,a1_0.balance,a1_0.currency,a1_0.customer_id,a1_0.opened_at,a1_0.status from accounts a1_0 where a1_0.id=? and a1_0.customer_id=?
2026-09-22T17:34:33.884Z DEBUG 19668 --- [core-banking-service] [nio-8080-exec-4] org.hibernate.SQL                        : select at1_0.id from transactions at1_0 where at1_0.reference=? fetch first ? rows only
2026-09-22T17:34:33.891Z DEBUG 19668 --- [core-banking-service] [nio-8080-exec-1] org.hibernate.SQL                        : select r1_0.customer_id,r1_1.id,r1_1.name from customer_roles r1_0 join roles r1_1 on r1_1.id=r1_0.role_id where r1_0.customer_id=?
2026-09-22T17:34:33.896Z DEBUG 19668 --- [core-banking-service] [io-8080-exec-12] org.hibernate.SQL                        : select c1_0.id,c1_0.created_at,c1_0.email,c1_0.full_name,c1_0.national_id,c1_0.password_hash,c1_0.status from customers c1_0 where c1_0.email=?
2026-09-22T17:34:33.898Z  INFO 19668 --- [core-banking-service] [io-8080-exec-18] c.m.b.service.AccountTransactionService  : Deposited 100.00 into MB-0000-1001, balance is now 89550.00
2026-09-22T17:34:33.899Z DEBUG 19668 --- [core-banking-service] [io-8080-exec-18] org.hibernate.SQL                        : update accounts set account_number=?,account_type=?,balance=?,currency=?,customer_id=?,status=? where id=?
2026-09-22T17:34:33.899Z DEBUG 19668 --- [core-banking-service] [io-8080-exec-15] org.hibernate.SQL                        : select at1_0.id from transactions at1_0 where at1_0.reference=? fetch first ? rows only
2026-09-22T17:34:33.898Z DEBUG 19668 --- [core-banking-service] [nio-8080-exec-4] org.hibernate.SQL                        : insert into transactions (account_id,amount,balance_after,counterparty_account_id,created_at,description,reference,tx_type) values (?,?,?,?,?,?,?,?) returning id
2026-09-22T17:34:33.913Z DEBUG 19668 --- [core-banking-service] [io-8080-exec-17] org.hibernate.SQL                        : select at1_0.id from transactions at1_0 where at1_0.reference=? fetch first ? rows only
2026-09-22T17:34:33.917Z DEBUG 19668 --- [core-banking-service] [io-8080-exec-12] org.hibernate.SQL                        : select r1_0.customer_id,r1_1.id,r1_1.name from customer_roles r1_0 join roles r1_1 on r1_1.id=r1_0.role_id where r1_0.customer_id=?
2026-09-22T17:34:33.923Z DEBUG 19668 --- [core-banking-service] [io-8080-exec-15] org.hibernate.SQL                        : insert into transactions (account_id,amount,balance_after,counterparty_account_id,created_at,description,reference,tx_type) values (?,?,?,?,?,?,?,?) returning id
2026-09-22T17:34:33.930Z  INFO 19668 --- [core-banking-service] [nio-8080-exec-4] c.m.b.service.AccountTransactionService  : Deposited 100.00 into MB-0000-1001, balance is now 89650.00
2026-09-22T17:34:33.932Z DEBUG 19668 --- [core-banking-service] [nio-8080-exec-4] org.hibernate.SQL                        : update accounts set account_number=?,account_type=?,balance=?,currency=?,customer_id=?,status=? where id=?
2026-09-22T17:34:33.932Z DEBUG 19668 --- [core-banking-service] [io-8080-exec-17] org.hibernate.SQL                        : insert into transactions (account_id,amount,balance_after,counterparty_account_id,created_at,description,reference,tx_type) values (?,?,?,?,?,?,?,?) returning id
2026-09-22T17:34:33.933Z DEBUG 19668 --- [core-banking-service] [nio-8080-exec-7] org.hibernate.SQL                        : select a1_0.id,a1_0.account_number,a1_0.account_type,a1_0.balance,a1_0.currency,a1_0.customer_id,a1_0.opened_at,a1_0.status from accounts a1_0 where a1_0.id=? and a1_0.customer_id=?
2026-09-22T17:34:33.937Z DEBUG 19668 --- [core-banking-service] [io-8080-exec-11] org.hibernate.SQL                        : select c1_0.id,c1_0.created_at,c1_0.email,c1_0.full_name,c1_0.national_id,c1_0.password_hash,c1_0.status from customers c1_0 where c1_0.email=?
2026-09-22T17:34:33.943Z DEBUG 19668 --- [core-banking-service] [io-8080-exec-20] org.hibernate.SQL                        : select c1_0.id,c1_0.created_at,c1_0.email,c1_0.full_name,c1_0.national_id,c1_0.password_hash,c1_0.status from customers c1_0 where c1_0.email=?
2026-09-22T17:34:33.945Z  INFO 19668 --- [core-banking-service] [io-8080-exec-15] c.m.b.service.AccountTransactionService  : Deposited 100.00 into MB-0000-1001, balance is now 89650.00
2026-09-22T17:34:33.946Z  INFO 19668 --- [core-banking-service] [io-8080-exec-17] c.m.b.service.AccountTransactionService  : Deposited 100.00 into MB-0000-1001, balance is now 89650.00
2026-09-22T17:34:33.947Z DEBUG 19668 --- [core-banking-service] [io-8080-exec-17] org.hibernate.SQL                        : update accounts set account_number=?,account_type=?,balance=?,currency=?,customer_id=?,status=? where id=?
2026-09-22T17:34:33.949Z DEBUG 19668 --- [core-banking-service] [io-8080-exec-15] org.hibernate.SQL                        : update accounts set account_number=?,account_type=?,balance=?,currency=?,customer_id=?,status=? where id=?
2026-09-22T17:34:33.960Z DEBUG 19668 --- [core-banking-service] [nio-8080-exec-7] org.hibernate.SQL                        : select at1_0.id from transactions at1_0 where at1_0.reference=? fetch first ? rows only
2026-09-22T17:34:33.964Z DEBUG 19668 --- [core-banking-service] [io-8080-exec-11] org.hibernate.SQL                        : select r1_0.customer_id,r1_1.id,r1_1.name from customer_roles r1_0 join roles r1_1 on r1_1.id=r1_0.role_id where r1_0.customer_id=?
2026-09-22T17:34:33.965Z DEBUG 19668 --- [core-banking-service] [io-8080-exec-20] org.hibernate.SQL                        : select r1_0.customer_id,r1_1.id,r1_1.name from customer_roles r1_0 join roles r1_1 on r1_1.id=r1_0.role_id where r1_0.customer_id=?
2026-09-22T17:34:33.975Z DEBUG 19668 --- [core-banking-service] [io-8080-exec-16] org.hibernate.SQL                        : select c1_0.id,c1_0.created_at,c1_0.email,c1_0.full_name,c1_0.national_id,c1_0.password_hash,c1_0.status from customers c1_0 where c1_0.email=?
2026-09-22T17:34:33.981Z DEBUG 19668 --- [core-banking-service] [nio-8080-exec-7] org.hibernate.SQL                        : insert into transactions (account_id,amount,balance_after,counterparty_account_id,created_at,description,reference,tx_type) values (?,?,?,?,?,?,?,?) returning id
2026-09-22T17:34:33.983Z DEBUG 19668 --- [core-banking-service] [io-8080-exec-10] org.hibernate.SQL                        : select c1_0.id,c1_0.created_at,c1_0.email,c1_0.full_name,c1_0.national_id,c1_0.password_hash,c1_0.status from customers c1_0 where c1_0.email=?
2026-09-22T17:34:33.997Z  INFO 19668 --- [core-banking-service] [nio-8080-exec-7] c.m.b.service.AccountTransactionService  : Deposited 100.00 into MB-0000-1001, balance is now 89650.00
2026-09-22T17:34:34.000Z DEBUG 19668 --- [core-banking-service] [nio-8080-exec-7] org.hibernate.SQL                        : update accounts set account_number=?,account_type=?,balance=?,currency=?,customer_id=?,status=? where id=?
2026-09-22T17:34:34.014Z DEBUG 19668 --- [core-banking-service] [io-8080-exec-16] org.hibernate.SQL                        : select r1_0.customer_id,r1_1.id,r1_1.name from customer_roles r1_0 join roles r1_1 on r1_1.id=r1_0.role_id where r1_0.customer_id=?
2026-09-22T17:34:34.015Z DEBUG 19668 --- [core-banking-service] [nio-8080-exec-8] org.hibernate.SQL                        : select a1_0.id,a1_0.account_number,a1_0.account_type,a1_0.balance,a1_0.currency,a1_0.customer_id,a1_0.opened_at,a1_0.status from accounts a1_0 where a1_0.id=? and a1_0.customer_id=?
2026-09-22T17:34:34.020Z DEBUG 19668 --- [core-banking-service] [io-8080-exec-10] org.hibernate.SQL                        : select r1_0.customer_id,r1_1.id,r1_1.name from customer_roles r1_0 join roles r1_1 on r1_1.id=r1_0.role_id where r1_0.customer_id=?
2026-09-22T17:34:34.024Z DEBUG 19668 --- [core-banking-service] [io-8080-exec-13] org.hibernate.SQL                        : select c1_0.id,c1_0.created_at,c1_0.email,c1_0.full_name,c1_0.national_id,c1_0.password_hash,c1_0.status from customers c1_0 where c1_0.email=?
2026-09-22T17:34:34.039Z DEBUG 19668 --- [core-banking-service] [nio-8080-exec-2] org.hibernate.SQL                        : select a1_0.id,a1_0.account_number,a1_0.account_type,a1_0.balance,a1_0.currency,a1_0.customer_id,a1_0.opened_at,a1_0.status from accounts a1_0 where a1_0.id=? and a1_0.customer_id=?
2026-09-22T17:34:34.041Z DEBUG 19668 --- [core-banking-service] [io-8080-exec-18] org.hibernate.SQL                        : select c1_0.id,c1_0.created_at,c1_0.email,c1_0.full_name,c1_0.national_id,c1_0.password_hash,c1_0.status from customers c1_0 where c1_0.email=?
2026-09-22T17:34:34.056Z DEBUG 19668 --- [core-banking-service] [io-8080-exec-13] org.hibernate.SQL                        : select r1_0.customer_id,r1_1.id,r1_1.name from customer_roles r1_0 join roles r1_1 on r1_1.id=r1_0.role_id where r1_0.customer_id=?
2026-09-22T17:34:34.057Z DEBUG 19668 --- [core-banking-service] [io-8080-exec-19] org.hibernate.SQL                        : select a1_0.id,a1_0.account_number,a1_0.account_type,a1_0.balance,a1_0.currency,a1_0.customer_id,a1_0.opened_at,a1_0.status from accounts a1_0 where a1_0.id=? and a1_0.customer_id=?
2026-09-22T17:34:34.063Z DEBUG 19668 --- [core-banking-service] [nio-8080-exec-8] org.hibernate.SQL                        : select at1_0.id from transactions at1_0 where at1_0.reference=? fetch first ? rows only
2026-09-22T17:34:34.066Z DEBUG 19668 --- [core-banking-service] [io-8080-exec-18] org.hibernate.SQL                        : select r1_0.customer_id,r1_1.id,r1_1.name from customer_roles r1_0 join roles r1_1 on r1_1.id=r1_0.role_id where r1_0.customer_id=?
2026-09-22T17:34:34.069Z DEBUG 19668 --- [core-banking-service] [nio-8080-exec-2] org.hibernate.SQL                        : select at1_0.id from transactions at1_0 where at1_0.reference=? fetch first ? rows only
2026-09-22T17:34:34.075Z DEBUG 19668 --- [core-banking-service] [io-8080-exec-17] org.hibernate.SQL                        : select c1_0.id,c1_0.created_at,c1_0.email,c1_0.full_name,c1_0.national_id,c1_0.password_hash,c1_0.status from customers c1_0 where c1_0.email=?
2026-09-22T17:34:34.083Z DEBUG 19668 --- [core-banking-service] [nio-8080-exec-8] org.hibernate.SQL                        : insert into transactions (account_id,amount,balance_after,counterparty_account_id,created_at,description,reference,tx_type) values (?,?,?,?,?,?,?,?) returning id
2026-09-22T17:34:34.083Z DEBUG 19668 --- [core-banking-service] [nio-8080-exec-2] org.hibernate.SQL                        : insert into transactions (account_id,amount,balance_after,counterparty_account_id,created_at,description,reference,tx_type) values (?,?,?,?,?,?,?,?) returning id
2026-09-22T17:34:34.093Z DEBUG 19668 --- [core-banking-service] [io-8080-exec-19] org.hibernate.SQL                        : select at1_0.id from transactions at1_0 where at1_0.reference=? fetch first ? rows only
2026-09-22T17:34:34.112Z DEBUG 19668 --- [core-banking-service] [nio-8080-exec-4] org.hibernate.SQL                        : select c1_0.id,c1_0.created_at,c1_0.email,c1_0.full_name,c1_0.national_id,c1_0.password_hash,c1_0.status from customers c1_0 where c1_0.email=?
2026-09-22T17:34:34.123Z DEBUG 19668 --- [core-banking-service] [io-8080-exec-15] org.hibernate.SQL                        : select c1_0.id,c1_0.created_at,c1_0.email,c1_0.full_name,c1_0.national_id,c1_0.password_hash,c1_0.status from customers c1_0 where c1_0.email=?
2026-09-22T17:34:34.140Z DEBUG 19668 --- [core-banking-service] [io-8080-exec-17] org.hibernate.SQL                        : select r1_0.customer_id,r1_1.id,r1_1.name from customer_roles r1_0 join roles r1_1 on r1_1.id=r1_0.role_id where r1_0.customer_id=?
2026-09-22T17:34:34.140Z DEBUG 19668 --- [core-banking-service] [io-8080-exec-19] org.hibernate.SQL                        : insert into transactions (account_id,amount,balance_after,counterparty_account_id,created_at,description,reference,tx_type) values (?,?,?,?,?,?,?,?) returning id
2026-09-22T17:34:34.141Z  INFO 19668 --- [core-banking-service] [nio-8080-exec-2] c.m.b.service.AccountTransactionService  : Deposited 100.00 into MB-0000-1001, balance is now 89750.00
2026-09-22T17:34:34.141Z  INFO 19668 --- [core-banking-service] [nio-8080-exec-8] c.m.b.service.AccountTransactionService  : Deposited 100.00 into MB-0000-1001, balance is now 89650.00
2026-09-22T17:34:34.142Z DEBUG 19668 --- [core-banking-service] [nio-8080-exec-2] org.hibernate.SQL                        : update accounts set account_number=?,account_type=?,balance=?,currency=?,customer_id=?,status=? where id=?
2026-09-22T17:34:34.142Z DEBUG 19668 --- [core-banking-service] [nio-8080-exec-8] org.hibernate.SQL                        : update accounts set account_number=?,account_type=?,balance=?,currency=?,customer_id=?,status=? where id=?
2026-09-22T17:34:34.155Z DEBUG 19668 --- [core-banking-service] [io-8080-exec-15] org.hibernate.SQL                        : select r1_0.customer_id,r1_1.id,r1_1.name from customer_roles r1_0 join roles r1_1 on r1_1.id=r1_0.role_id where r1_0.customer_id=?
2026-09-22T17:34:34.155Z  INFO 19668 --- [core-banking-service] [io-8080-exec-19] c.m.b.service.AccountTransactionService  : Deposited 100.00 into MB-0000-1001, balance is now 89750.00
2026-09-22T17:34:34.156Z DEBUG 19668 --- [core-banking-service] [nio-8080-exec-4] org.hibernate.SQL                        : select r1_0.customer_id,r1_1.id,r1_1.name from customer_roles r1_0 join roles r1_1 on r1_1.id=r1_0.role_id where r1_0.customer_id=?
2026-09-22T17:34:34.158Z DEBUG 19668 --- [core-banking-service] [io-8080-exec-19] org.hibernate.SQL                        : update accounts set account_number=?,account_type=?,balance=?,currency=?,customer_id=?,status=? where id=?
2026-09-22T17:34:34.173Z DEBUG 19668 --- [core-banking-service] [nio-8080-exec-7] org.hibernate.SQL                        : select c1_0.id,c1_0.created_at,c1_0.email,c1_0.full_name,c1_0.national_id,c1_0.password_hash,c1_0.status from customers c1_0 where c1_0.email=?
2026-09-22T17:34:34.195Z DEBUG 19668 --- [core-banking-service] [nio-8080-exec-7] org.hibernate.SQL                        : select r1_0.customer_id,r1_1.id,r1_1.name from customer_roles r1_0 join roles r1_1 on r1_1.id=r1_0.role_id where r1_0.customer_id=?
2026-09-22T17:34:34.203Z DEBUG 19668 --- [core-banking-service] [nio-8080-exec-8] org.hibernate.SQL                        : select c1_0.id,c1_0.created_at,c1_0.email,c1_0.full_name,c1_0.national_id,c1_0.password_hash,c1_0.status from customers c1_0 where c1_0.email=?
2026-09-22T17:34:34.241Z DEBUG 19668 --- [core-banking-service] [nio-8080-exec-8] org.hibernate.SQL                        : select r1_0.customer_id,r1_1.id,r1_1.name from customer_roles r1_0 join roles r1_1 on r1_1.id=r1_0.role_id where r1_0.customer_id=?
2026-09-22T17:34:34.257Z DEBUG 19668 --- [core-banking-service] [nio-8080-exec-2] org.hibernate.SQL                        : select c1_0.id,c1_0.created_at,c1_0.email,c1_0.full_name,c1_0.national_id,c1_0.password_hash,c1_0.status from customers c1_0 where c1_0.email=?
2026-09-22T17:34:34.278Z DEBUG 19668 --- [core-banking-service] [io-8080-exec-19] org.hibernate.SQL                        : select c1_0.id,c1_0.created_at,c1_0.email,c1_0.full_name,c1_0.national_id,c1_0.password_hash,c1_0.status from customers c1_0 where c1_0.email=?
2026-09-22T17:34:34.280Z DEBUG 19668 --- [core-banking-service] [nio-8080-exec-2] org.hibernate.SQL                        : select r1_0.customer_id,r1_1.id,r1_1.name from customer_roles r1_0 join roles r1_1 on r1_1.id=r1_0.role_id where r1_0.customer_id=?
2026-09-22T17:34:34.302Z DEBUG 19668 --- [core-banking-service] [io-8080-exec-19] org.hibernate.SQL                        : select r1_0.customer_id,r1_1.id,r1_1.name from customer_roles r1_0 join roles r1_1 on r1_1.id=r1_0.role_id where r1_0.customer_id=?
2026-09-22T17:34:34.400Z DEBUG 19668 --- [core-banking-service] [nio-8080-exec-5] org.hibernate.SQL                        : select a1_0.id,a1_0.account_number,a1_0.account_type,a1_0.balance,a1_0.currency,a1_0.customer_id,a1_0.opened_at,a1_0.status from accounts a1_0 where a1_0.id=? and a1_0.customer_id=?
2026-09-22T17:34:34.430Z DEBUG 19668 --- [core-banking-service] [nio-8080-exec-5] org.hibernate.SQL                        : select at1_0.id from transactions at1_0 where at1_0.reference=? fetch first ? rows only
2026-09-22T17:34:34.445Z DEBUG 19668 --- [core-banking-service] [nio-8080-exec-9] org.hibernate.SQL                        : select a1_0.id,a1_0.account_number,a1_0.account_type,a1_0.balance,a1_0.currency,a1_0.customer_id,a1_0.opened_at,a1_0.status from accounts a1_0 where a1_0.id=? and a1_0.customer_id=?
2026-09-22T17:34:34.462Z DEBUG 19668 --- [core-banking-service] [nio-8080-exec-5] org.hibernate.SQL                        : insert into transactions (account_id,amount,balance_after,counterparty_account_id,created_at,description,reference,tx_type) values (?,?,?,?,?,?,?,?) returning id
2026-09-22T17:34:34.464Z DEBUG 19668 --- [core-banking-service] [io-8080-exec-14] org.hibernate.SQL                        : select a1_0.id,a1_0.account_number,a1_0.account_type,a1_0.balance,a1_0.currency,a1_0.customer_id,a1_0.opened_at,a1_0.status from accounts a1_0 where a1_0.id=? and a1_0.customer_id=?
2026-09-22T17:34:34.479Z DEBUG 19668 --- [core-banking-service] [nio-8080-exec-9] org.hibernate.SQL                        : select at1_0.id from transactions at1_0 where at1_0.reference=? fetch first ? rows only
2026-09-22T17:34:34.493Z  INFO 19668 --- [core-banking-service] [nio-8080-exec-5] c.m.b.service.AccountTransactionService  : Deposited 100.00 into MB-0000-1001, balance is now 89850.00
2026-09-22T17:34:34.494Z DEBUG 19668 --- [core-banking-service] [nio-8080-exec-5] org.hibernate.SQL                        : update accounts set account_number=?,account_type=?,balance=?,currency=?,customer_id=?,status=? where id=?
2026-09-22T17:34:34.497Z DEBUG 19668 --- [core-banking-service] [io-8080-exec-14] org.hibernate.SQL                        : select at1_0.id from transactions at1_0 where at1_0.reference=? fetch first ? rows only
2026-09-22T17:34:34.523Z DEBUG 19668 --- [core-banking-service] [nio-8080-exec-9] org.hibernate.SQL                        : insert into transactions (account_id,amount,balance_after,counterparty_account_id,created_at,description,reference,tx_type) values (?,?,?,?,?,?,?,?) returning id
2026-09-22T17:34:34.538Z DEBUG 19668 --- [core-banking-service] [io-8080-exec-14] org.hibernate.SQL                        : insert into transactions (account_id,amount,balance_after,counterparty_account_id,created_at,description,reference,tx_type) values (?,?,?,?,?,?,?,?) returning id
2026-09-22T17:34:34.540Z DEBUG 19668 --- [core-banking-service] [nio-8080-exec-6] org.hibernate.SQL                        : select a1_0.id,a1_0.account_number,a1_0.account_type,a1_0.balance,a1_0.currency,a1_0.customer_id,a1_0.opened_at,a1_0.status from accounts a1_0 where a1_0.id=? and a1_0.customer_id=?
2026-09-22T17:34:34.551Z  INFO 19668 --- [core-banking-service] [nio-8080-exec-9] c.m.b.service.AccountTransactionService  : Deposited 100.00 into MB-0000-1001, balance is now 89850.00
2026-09-22T17:34:34.552Z DEBUG 19668 --- [core-banking-service] [nio-8080-exec-9] org.hibernate.SQL                        : update accounts set account_number=?,account_type=?,balance=?,currency=?,customer_id=?,status=? where id=?
2026-09-22T17:34:34.563Z  INFO 19668 --- [core-banking-service] [io-8080-exec-14] c.m.b.service.AccountTransactionService  : Deposited 100.00 into MB-0000-1001, balance is now 89850.00
2026-09-22T17:34:34.564Z DEBUG 19668 --- [core-banking-service] [io-8080-exec-14] org.hibernate.SQL                        : update accounts set account_number=?,account_type=?,balance=?,currency=?,customer_id=?,status=? where id=?
2026-09-22T17:34:34.565Z DEBUG 19668 --- [core-banking-service] [nio-8080-exec-6] org.hibernate.SQL                        : select at1_0.id from transactions at1_0 where at1_0.reference=? fetch first ? rows only
2026-09-22T17:34:34.580Z DEBUG 19668 --- [core-banking-service] [io-8080-exec-12] org.hibernate.SQL                        : select a1_0.id,a1_0.account_number,a1_0.account_type,a1_0.balance,a1_0.currency,a1_0.customer_id,a1_0.opened_at,a1_0.status from accounts a1_0 where a1_0.id=? and a1_0.customer_id=?
2026-09-22T17:34:34.628Z DEBUG 19668 --- [core-banking-service] [nio-8080-exec-3] org.hibernate.SQL                        : select a1_0.id,a1_0.account_number,a1_0.account_type,a1_0.balance,a1_0.currency,a1_0.customer_id,a1_0.opened_at,a1_0.status from accounts a1_0 where a1_0.id=? and a1_0.customer_id=?
2026-09-22T17:34:34.605Z DEBUG 19668 --- [core-banking-service] [nio-8080-exec-6] org.hibernate.SQL                        : insert into transactions (account_id,amount,balance_after,counterparty_account_id,created_at,description,reference,tx_type) values (?,?,?,?,?,?,?,?) returning id
2026-09-22T17:34:34.634Z DEBUG 19668 --- [core-banking-service] [nio-8080-exec-1] org.hibernate.SQL                        : select a1_0.id,a1_0.account_number,a1_0.account_type,a1_0.balance,a1_0.currency,a1_0.customer_id,a1_0.opened_at,a1_0.status from accounts a1_0 where a1_0.id=? and a1_0.customer_id=?
2026-09-22T17:34:34.634Z DEBUG 19668 --- [core-banking-service] [io-8080-exec-12] org.hibernate.SQL                        : select at1_0.id from transactions at1_0 where at1_0.reference=? fetch first ? rows only
2026-09-22T17:34:34.660Z  INFO 19668 --- [core-banking-service] [nio-8080-exec-6] c.m.b.service.AccountTransactionService  : Deposited 100.00 into MB-0000-1001, balance is now 89850.00
2026-09-22T17:34:34.660Z DEBUG 19668 --- [core-banking-service] [io-8080-exec-12] org.hibernate.SQL                        : insert into transactions (account_id,amount,balance_after,counterparty_account_id,created_at,description,reference,tx_type) values (?,?,?,?,?,?,?,?) returning id
2026-09-22T17:34:34.660Z DEBUG 19668 --- [core-banking-service] [nio-8080-exec-6] org.hibernate.SQL                        : update accounts set account_number=?,account_type=?,balance=?,currency=?,customer_id=?,status=? where id=?
2026-09-22T17:34:34.664Z DEBUG 19668 --- [core-banking-service] [nio-8080-exec-1] org.hibernate.SQL                        : select at1_0.id from transactions at1_0 where at1_0.reference=? fetch first ? rows only
2026-09-22T17:34:34.664Z DEBUG 19668 --- [core-banking-service] [nio-8080-exec-3] org.hibernate.SQL                        : select at1_0.id from transactions at1_0 where at1_0.reference=? fetch first ? rows only
2026-09-22T17:34:34.691Z DEBUG 19668 --- [core-banking-service] [nio-8080-exec-3] org.hibernate.SQL                        : insert into transactions (account_id,amount,balance_after,counterparty_account_id,created_at,description,reference,tx_type) values (?,?,?,?,?,?,?,?) returning id
2026-09-22T17:34:34.691Z DEBUG 19668 --- [core-banking-service] [nio-8080-exec-1] org.hibernate.SQL                        : insert into transactions (account_id,amount,balance_after,counterparty_account_id,created_at,description,reference,tx_type) values (?,?,?,?,?,?,?,?) returning id
2026-09-22T17:34:34.693Z  INFO 19668 --- [core-banking-service] [io-8080-exec-12] c.m.b.service.AccountTransactionService  : Deposited 100.00 into MB-0000-1001, balance is now 89950.00
2026-09-22T17:34:34.693Z DEBUG 19668 --- [core-banking-service] [io-8080-exec-12] org.hibernate.SQL                        : update accounts set account_number=?,account_type=?,balance=?,currency=?,customer_id=?,status=? where id=?
2026-09-22T17:34:34.694Z DEBUG 19668 --- [core-banking-service] [io-8080-exec-20] org.hibernate.SQL                        : select a1_0.id,a1_0.account_number,a1_0.account_type,a1_0.balance,a1_0.currency,a1_0.customer_id,a1_0.opened_at,a1_0.status from accounts a1_0 where a1_0.id=? and a1_0.customer_id=?
2026-09-22T17:34:34.709Z DEBUG 19668 --- [core-banking-service] [io-8080-exec-10] org.hibernate.SQL                        : select a1_0.id,a1_0.account_number,a1_0.account_type,a1_0.balance,a1_0.currency,a1_0.customer_id,a1_0.opened_at,a1_0.status from accounts a1_0 where a1_0.id=? and a1_0.customer_id=?
2026-09-22T17:34:34.710Z  INFO 19668 --- [core-banking-service] [nio-8080-exec-1] c.m.b.service.AccountTransactionService  : Deposited 100.00 into MB-0000-1001, balance is now 89950.00
2026-09-22T17:34:34.711Z DEBUG 19668 --- [core-banking-service] [io-8080-exec-20] org.hibernate.SQL                        : select at1_0.id from transactions at1_0 where at1_0.reference=? fetch first ? rows only
2026-09-22T17:34:34.711Z DEBUG 19668 --- [core-banking-service] [nio-8080-exec-1] org.hibernate.SQL                        : update accounts set account_number=?,account_type=?,balance=?,currency=?,customer_id=?,status=? where id=?
2026-09-22T17:34:34.709Z DEBUG 19668 --- [core-banking-service] [io-8080-exec-13] org.hibernate.SQL                        : select a1_0.id,a1_0.account_number,a1_0.account_type,a1_0.balance,a1_0.currency,a1_0.customer_id,a1_0.opened_at,a1_0.status from accounts a1_0 where a1_0.id=? and a1_0.customer_id=?
2026-09-22T17:34:34.711Z DEBUG 19668 --- [core-banking-service] [io-8080-exec-16] org.hibernate.SQL                        : select a1_0.id,a1_0.account_number,a1_0.account_type,a1_0.balance,a1_0.currency,a1_0.customer_id,a1_0.opened_at,a1_0.status from accounts a1_0 where a1_0.id=? and a1_0.customer_id=?
2026-09-22T17:34:34.714Z  INFO 19668 --- [core-banking-service] [nio-8080-exec-3] c.m.b.service.AccountTransactionService  : Deposited 100.00 into MB-0000-1001, balance is now 89950.00
2026-09-22T17:34:34.716Z DEBUG 19668 --- [core-banking-service] [nio-8080-exec-3] org.hibernate.SQL                        : update accounts set account_number=?,account_type=?,balance=?,currency=?,customer_id=?,status=? where id=?
2026-09-22T17:34:34.716Z DEBUG 19668 --- [core-banking-service] [io-8080-exec-11] org.hibernate.SQL                        : select a1_0.id,a1_0.account_number,a1_0.account_type,a1_0.balance,a1_0.currency,a1_0.customer_id,a1_0.opened_at,a1_0.status from accounts a1_0 where a1_0.id=? and a1_0.customer_id=?
2026-09-22T17:34:34.729Z DEBUG 19668 --- [core-banking-service] [io-8080-exec-18] org.hibernate.SQL                        : select a1_0.id,a1_0.account_number,a1_0.account_type,a1_0.balance,a1_0.currency,a1_0.customer_id,a1_0.opened_at,a1_0.status from accounts a1_0 where a1_0.id=? and a1_0.customer_id=?
2026-09-22T17:34:34.737Z DEBUG 19668 --- [core-banking-service] [io-8080-exec-16] org.hibernate.SQL                        : select at1_0.id from transactions at1_0 where at1_0.reference=? fetch first ? rows only
2026-09-22T17:34:34.738Z DEBUG 19668 --- [core-banking-service] [io-8080-exec-13] org.hibernate.SQL                        : select at1_0.id from transactions at1_0 where at1_0.reference=? fetch first ? rows only
2026-09-22T17:34:34.738Z DEBUG 19668 --- [core-banking-service] [io-8080-exec-11] org.hibernate.SQL                        : select at1_0.id from transactions at1_0 where at1_0.reference=? fetch first ? rows only
2026-09-22T17:34:34.739Z DEBUG 19668 --- [core-banking-service] [io-8080-exec-10] org.hibernate.SQL                        : select at1_0.id from transactions at1_0 where at1_0.reference=? fetch first ? rows only
2026-09-22T17:34:34.740Z DEBUG 19668 --- [core-banking-service] [io-8080-exec-20] org.hibernate.SQL                        : insert into transactions (account_id,amount,balance_after,counterparty_account_id,created_at,description,reference,tx_type) values (?,?,?,?,?,?,?,?) returning id
2026-09-22T17:34:34.755Z DEBUG 19668 --- [core-banking-service] [io-8080-exec-18] org.hibernate.SQL                        : select at1_0.id from transactions at1_0 where at1_0.reference=? fetch first ? rows only
2026-09-22T17:34:34.758Z DEBUG 19668 --- [core-banking-service] [io-8080-exec-11] org.hibernate.SQL                        : insert into transactions (account_id,amount,balance_after,counterparty_account_id,created_at,description,reference,tx_type) values (?,?,?,?,?,?,?,?) returning id
2026-09-22T17:34:34.758Z  INFO 19668 --- [core-banking-service] [io-8080-exec-20] c.m.b.service.AccountTransactionService  : Deposited 100.00 into MB-0000-1001, balance is now 89950.00
2026-09-22T17:34:34.758Z DEBUG 19668 --- [core-banking-service] [io-8080-exec-13] org.hibernate.SQL                        : insert into transactions (account_id,amount,balance_after,counterparty_account_id,created_at,description,reference,tx_type) values (?,?,?,?,?,?,?,?) returning id
2026-09-22T17:34:34.759Z DEBUG 19668 --- [core-banking-service] [io-8080-exec-20] org.hibernate.SQL                        : update accounts set account_number=?,account_type=?,balance=?,currency=?,customer_id=?,status=? where id=?
2026-09-22T17:34:34.765Z DEBUG 19668 --- [core-banking-service] [io-8080-exec-18] org.hibernate.SQL                        : insert into transactions (account_id,amount,balance_after,counterparty_account_id,created_at,description,reference,tx_type) values (?,?,?,?,?,?,?,?) returning id
2026-09-22T17:34:34.765Z DEBUG 19668 --- [core-banking-service] [io-8080-exec-10] org.hibernate.SQL                        : insert into transactions (account_id,amount,balance_after,counterparty_account_id,created_at,description,reference,tx_type) values (?,?,?,?,?,?,?,?) returning id
2026-09-22T17:34:34.766Z DEBUG 19668 --- [core-banking-service] [io-8080-exec-16] org.hibernate.SQL                        : insert into transactions (account_id,amount,balance_after,counterparty_account_id,created_at,description,reference,tx_type) values (?,?,?,?,?,?,?,?) returning id
2026-09-22T17:34:34.777Z  INFO 19668 --- [core-banking-service] [io-8080-exec-13] c.m.b.service.AccountTransactionService  : Deposited 100.00 into MB-0000-1001, balance is now 89950.00
2026-09-22T17:34:34.777Z  INFO 19668 --- [core-banking-service] [io-8080-exec-16] c.m.b.service.AccountTransactionService  : Deposited 100.00 into MB-0000-1001, balance is now 89950.00
2026-09-22T17:34:34.778Z DEBUG 19668 --- [core-banking-service] [io-8080-exec-13] org.hibernate.SQL                        : update accounts set account_number=?,account_type=?,balance=?,currency=?,customer_id=?,status=? where id=?
2026-09-22T17:34:34.778Z DEBUG 19668 --- [core-banking-service] [io-8080-exec-16] org.hibernate.SQL                        : update accounts set account_number=?,account_type=?,balance=?,currency=?,customer_id=?,status=? where id=?
2026-09-22T17:34:34.779Z  INFO 19668 --- [core-banking-service] [io-8080-exec-10] c.m.b.service.AccountTransactionService  : Deposited 100.00 into MB-0000-1001, balance is now 89950.00
2026-09-22T17:34:34.780Z DEBUG 19668 --- [core-banking-service] [io-8080-exec-10] org.hibernate.SQL                        : update accounts set account_number=?,account_type=?,balance=?,currency=?,customer_id=?,status=? where id=?
2026-09-22T17:34:34.780Z  INFO 19668 --- [core-banking-service] [io-8080-exec-11] c.m.b.service.AccountTransactionService  : Deposited 100.00 into MB-0000-1001, balance is now 89950.00
2026-09-22T17:34:34.780Z  INFO 19668 --- [core-banking-service] [io-8080-exec-18] c.m.b.service.AccountTransactionService  : Deposited 100.00 into MB-0000-1001, balance is now 90050.00
2026-09-22T17:34:34.782Z DEBUG 19668 --- [core-banking-service] [io-8080-exec-18] org.hibernate.SQL                        : update accounts set account_number=?,account_type=?,balance=?,currency=?,customer_id=?,status=? where id=?
2026-09-22T17:34:34.782Z DEBUG 19668 --- [core-banking-service] [io-8080-exec-11] org.hibernate.SQL                        : update accounts set account_number=?,account_type=?,balance=?,currency=?,customer_id=?,status=? where id=?
2026-09-22T17:34:34.789Z DEBUG 19668 --- [core-banking-service] [nio-8080-exec-4] org.hibernate.SQL                        : select a1_0.id,a1_0.account_number,a1_0.account_type,a1_0.balance,a1_0.currency,a1_0.customer_id,a1_0.opened_at,a1_0.status from accounts a1_0 where a1_0.id=? and a1_0.customer_id=?
2026-09-22T17:34:34.800Z DEBUG 19668 --- [core-banking-service] [io-8080-exec-15] org.hibernate.SQL                        : select a1_0.id,a1_0.account_number,a1_0.account_type,a1_0.balance,a1_0.currency,a1_0.customer_id,a1_0.opened_at,a1_0.status from accounts a1_0 where a1_0.id=? and a1_0.customer_id=?
2026-09-22T17:34:34.800Z DEBUG 19668 --- [core-banking-service] [nio-8080-exec-4] org.hibernate.SQL                        : select at1_0.id from transactions at1_0 where at1_0.reference=? fetch first ? rows only
2026-09-22T17:34:34.807Z DEBUG 19668 --- [core-banking-service] [io-8080-exec-17] org.hibernate.SQL                        : select a1_0.id,a1_0.account_number,a1_0.account_type,a1_0.balance,a1_0.currency,a1_0.customer_id,a1_0.opened_at,a1_0.status from accounts a1_0 where a1_0.id=? and a1_0.customer_id=?
2026-09-22T17:34:34.807Z DEBUG 19668 --- [core-banking-service] [nio-8080-exec-7] org.hibernate.SQL                        : select a1_0.id,a1_0.account_number,a1_0.account_type,a1_0.balance,a1_0.currency,a1_0.customer_id,a1_0.opened_at,a1_0.status from accounts a1_0 where a1_0.id=? and a1_0.customer_id=?
2026-09-22T17:34:34.812Z DEBUG 19668 --- [core-banking-service] [nio-8080-exec-4] org.hibernate.SQL                        : insert into transactions (account_id,amount,balance_after,counterparty_account_id,created_at,description,reference,tx_type) values (?,?,?,?,?,?,?,?) returning id
2026-09-22T17:34:34.816Z DEBUG 19668 --- [core-banking-service] [io-8080-exec-15] org.hibernate.SQL                        : select at1_0.id from transactions at1_0 where at1_0.reference=? fetch first ? rows only
2026-09-22T17:34:34.819Z DEBUG 19668 --- [core-banking-service] [nio-8080-exec-7] org.hibernate.SQL                        : select at1_0.id from transactions at1_0 where at1_0.reference=? fetch first ? rows only
2026-09-22T17:34:34.827Z DEBUG 19668 --- [core-banking-service] [io-8080-exec-17] org.hibernate.SQL                        : select at1_0.id from transactions at1_0 where at1_0.reference=? fetch first ? rows only
2026-09-22T17:34:34.828Z  INFO 19668 --- [core-banking-service] [nio-8080-exec-4] c.m.b.service.AccountTransactionService  : Deposited 100.00 into MB-0000-1001, balance is now 90050.00
2026-09-22T17:34:34.828Z DEBUG 19668 --- [core-banking-service] [io-8080-exec-15] org.hibernate.SQL                        : insert into transactions (account_id,amount,balance_after,counterparty_account_id,created_at,description,reference,tx_type) values (?,?,?,?,?,?,?,?) returning id
2026-09-22T17:34:34.830Z DEBUG 19668 --- [core-banking-service] [nio-8080-exec-8] org.hibernate.SQL                        : select a1_0.id,a1_0.account_number,a1_0.account_type,a1_0.balance,a1_0.currency,a1_0.customer_id,a1_0.opened_at,a1_0.status from accounts a1_0 where a1_0.id=? and a1_0.customer_id=?
2026-09-22T17:34:34.833Z DEBUG 19668 --- [core-banking-service] [nio-8080-exec-7] org.hibernate.SQL                        : insert into transactions (account_id,amount,balance_after,counterparty_account_id,created_at,description,reference,tx_type) values (?,?,?,?,?,?,?,?) returning id
2026-09-22T17:34:34.832Z DEBUG 19668 --- [core-banking-service] [nio-8080-exec-4] org.hibernate.SQL                        : update accounts set account_number=?,account_type=?,balance=?,currency=?,customer_id=?,status=? where id=?
2026-09-22T17:34:34.842Z  INFO 19668 --- [core-banking-service] [io-8080-exec-15] c.m.b.service.AccountTransactionService  : Deposited 100.00 into MB-0000-1001, balance is now 90050.00
2026-09-22T17:34:34.842Z DEBUG 19668 --- [core-banking-service] [io-8080-exec-17] org.hibernate.SQL                        : insert into transactions (account_id,amount,balance_after,counterparty_account_id,created_at,description,reference,tx_type) values (?,?,?,?,?,?,?,?) returning id
2026-09-22T17:34:34.843Z DEBUG 19668 --- [core-banking-service] [io-8080-exec-15] org.hibernate.SQL                        : update accounts set account_number=?,account_type=?,balance=?,currency=?,customer_id=?,status=? where id=?
2026-09-22T17:34:34.844Z DEBUG 19668 --- [core-banking-service] [nio-8080-exec-8] org.hibernate.SQL                        : select at1_0.id from transactions at1_0 where at1_0.reference=? fetch first ? rows only
2026-09-22T17:34:34.844Z  INFO 19668 --- [core-banking-service] [nio-8080-exec-7] c.m.b.service.AccountTransactionService  : Deposited 100.00 into MB-0000-1001, balance is now 90050.00
2026-09-22T17:34:34.847Z DEBUG 19668 --- [core-banking-service] [nio-8080-exec-7] org.hibernate.SQL                        : update accounts set account_number=?,account_type=?,balance=?,currency=?,customer_id=?,status=? where id=?
2026-09-22T17:34:34.850Z DEBUG 19668 --- [core-banking-service] [io-8080-exec-19] org.hibernate.SQL                        : select a1_0.id,a1_0.account_number,a1_0.account_type,a1_0.balance,a1_0.currency,a1_0.customer_id,a1_0.opened_at,a1_0.status from accounts a1_0 where a1_0.id=? and a1_0.customer_id=?
2026-09-22T17:34:34.851Z  INFO 19668 --- [core-banking-service] [io-8080-exec-17] c.m.b.service.AccountTransactionService  : Deposited 100.00 into MB-0000-1001, balance is now 90050.00
2026-09-22T17:34:34.853Z DEBUG 19668 --- [core-banking-service] [io-8080-exec-17] org.hibernate.SQL                        : update accounts set account_number=?,account_type=?,balance=?,currency=?,customer_id=?,status=? where id=?
2026-09-22T17:34:34.855Z DEBUG 19668 --- [core-banking-service] [nio-8080-exec-8] org.hibernate.SQL                        : insert into transactions (account_id,amount,balance_after,counterparty_account_id,created_at,description,reference,tx_type) values (?,?,?,?,?,?,?,?) returning id
2026-09-22T17:34:34.856Z DEBUG 19668 --- [core-banking-service] [nio-8080-exec-2] org.hibernate.SQL                        : select a1_0.id,a1_0.account_number,a1_0.account_type,a1_0.balance,a1_0.currency,a1_0.customer_id,a1_0.opened_at,a1_0.status from accounts a1_0 where a1_0.id=? and a1_0.customer_id=?
2026-09-22T17:34:34.858Z DEBUG 19668 --- [core-banking-service] [io-8080-exec-19] org.hibernate.SQL                        : select at1_0.id from transactions at1_0 where at1_0.reference=? fetch first ? rows only
2026-09-22T17:34:34.858Z  INFO 19668 --- [core-banking-service] [nio-8080-exec-8] c.m.b.service.AccountTransactionService  : Deposited 100.00 into MB-0000-1001, balance is now 90150.00
2026-09-22T17:34:34.861Z DEBUG 19668 --- [core-banking-service] [nio-8080-exec-8] org.hibernate.SQL                        : update accounts set account_number=?,account_type=?,balance=?,currency=?,customer_id=?,status=? where id=?
2026-09-22T17:34:34.867Z DEBUG 19668 --- [core-banking-service] [nio-8080-exec-2] org.hibernate.SQL                        : select at1_0.id from transactions at1_0 where at1_0.reference=? fetch first ? rows only
2026-09-22T17:34:34.869Z DEBUG 19668 --- [core-banking-service] [io-8080-exec-19] org.hibernate.SQL                        : insert into transactions (account_id,amount,balance_after,counterparty_account_id,created_at,description,reference,tx_type) values (?,?,?,?,?,?,?,?) returning id
2026-09-22T17:34:34.873Z DEBUG 19668 --- [core-banking-service] [nio-8080-exec-2] org.hibernate.SQL                        : insert into transactions (account_id,amount,balance_after,counterparty_account_id,created_at,description,reference,tx_type) values (?,?,?,?,?,?,?,?) returning id
2026-09-22T17:34:34.876Z  INFO 19668 --- [core-banking-service] [io-8080-exec-19] c.m.b.service.AccountTransactionService  : Deposited 100.00 into MB-0000-1001, balance is now 90050.00
2026-09-22T17:34:34.877Z DEBUG 19668 --- [core-banking-service] [io-8080-exec-19] org.hibernate.SQL                        : update accounts set account_number=?,account_type=?,balance=?,currency=?,customer_id=?,status=? where id=?
2026-09-22T17:34:34.879Z  INFO 19668 --- [core-banking-service] [nio-8080-exec-2] c.m.b.service.AccountTransactionService  : Deposited 100.00 into MB-0000-1001, balance is now 90150.00
2026-09-22T17:34:34.880Z DEBUG 19668 --- [core-banking-service] [nio-8080-exec-2] org.hibernate.SQL                        : update accounts set account_number=?,account_type=?,balance=?,currency=?,customer_id=?,status=? where id=?
2026-09-22T17:34:34.903Z DEBUG 19668 --- [core-banking-service] [nio-8080-exec-5] org.hibernate.SQL                        : select c1_0.id,c1_0.created_at,c1_0.email,c1_0.full_name,c1_0.national_id,c1_0.password_hash,c1_0.status from customers c1_0 where c1_0.email=?
2026-09-22T17:34:34.907Z DEBUG 19668 --- [core-banking-service] [nio-8080-exec-5] org.hibernate.SQL                        : select r1_0.customer_id,r1_1.id,r1_1.name from customer_roles r1_0 join roles r1_1 on r1_1.id=r1_0.role_id where r1_0.customer_id=?
2026-09-22T17:34:35.018Z DEBUG 19668 --- [core-banking-service] [nio-8080-exec-5] org.hibernate.SQL                        : select a1_0.id,a1_0.account_number,a1_0.account_type,a1_0.balance,a1_0.currency,a1_0.customer_id,a1_0.opened_at,a1_0.status from accounts a1_0 where a1_0.id=? and a1_0.customer_id=?
2026-09-22T17:34:50.937Z DEBUG 19668 --- [core-banking-service] [nio-8080-exec-9] org.hibernate.SQL                        : select c1_0.id from customers c1_0 where c1_0.email=? fetch first ? rows only
2026-09-22T17:34:50.942Z DEBUG 19668 --- [core-banking-service] [nio-8080-exec-9] org.hibernate.SQL                        : select c1_0.id from customers c1_0 where c1_0.national_id=? fetch first ? rows only
2026-09-22T17:34:50.947Z DEBUG 19668 --- [core-banking-service] [nio-8080-exec-9] org.hibernate.SQL                        : select r1_0.id,r1_0.name from roles r1_0 where r1_0.name=?
2026-09-22T17:34:51.057Z DEBUG 19668 --- [core-banking-service] [nio-8080-exec-9] org.hibernate.SQL                        : insert into customers (created_at,email,full_name,national_id,password_hash,status) values (?,?,?,?,?,?) returning id
2026-09-22T17:34:51.063Z  INFO 19668 --- [core-banking-service] [nio-8080-exec-9] c.m.banking.service.CustomerService      : Onboarded customer 10 (ana.silva@example.com)
2026-09-22T17:34:51.076Z DEBUG 19668 --- [core-banking-service] [nio-8080-exec-9] org.hibernate.SQL                        : insert into customer_roles (customer_id,role_id) values (?,?)
2026-09-22T17:34:51.188Z DEBUG 19668 --- [core-banking-service] [nio-8080-exec-6] org.hibernate.SQL                        : select c1_0.id from customers c1_0 where c1_0.email=? fetch first ? rows only
2026-09-22T17:34:51.194Z DEBUG 19668 --- [core-banking-service] [nio-8080-exec-6] org.hibernate.SQL                        : select c1_0.id from customers c1_0 where c1_0.national_id=? fetch first ? rows only
2026-09-22T17:34:51.384Z DEBUG 19668 --- [core-banking-service] [nio-8080-exec-3] org.hibernate.SQL                        : select c1_0.id,c1_0.created_at,c1_0.email,c1_0.full_name,c1_0.national_id,c1_0.password_hash,c1_0.status from customers c1_0 where c1_0.email=?
2026-09-22T17:34:51.390Z DEBUG 19668 --- [core-banking-service] [nio-8080-exec-3] org.hibernate.SQL                        : select r1_0.customer_id,r1_1.id,r1_1.name from customer_roles r1_0 join roles r1_1 on r1_1.id=r1_0.role_id where r1_0.customer_id=?
2026-09-22T17:34:51.507Z DEBUG 19668 --- [core-banking-service] [nio-8080-exec-3] org.hibernate.SQL                        : select c1_0.id,c1_0.created_at,c1_0.email,c1_0.full_name,c1_0.national_id,c1_0.password_hash,c1_0.status from customers c1_0 where c1_0.email=?
2026-09-22T17:34:51.511Z DEBUG 19668 --- [core-banking-service] [nio-8080-exec-3] org.hibernate.SQL                        : select r1_0.customer_id,r1_1.id,r1_1.name from customer_roles r1_0 join roles r1_1 on r1_1.id=r1_0.role_id where r1_0.customer_id=?
2026-09-22T17:34:51.600Z DEBUG 19668 --- [core-banking-service] [io-8080-exec-20] org.hibernate.SQL                        : select c1_0.id,c1_0.created_at,c1_0.email,c1_0.full_name,c1_0.national_id,c1_0.password_hash,c1_0.status from customers c1_0 where c1_0.email=?
2026-09-22T17:34:51.605Z DEBUG 19668 --- [core-banking-service] [io-8080-exec-20] org.hibernate.SQL                        : select r1_0.customer_id,r1_1.id,r1_1.name from customer_roles r1_0 join roles r1_1 on r1_1.id=r1_0.role_id where r1_0.customer_id=?
2026-09-22T17:34:51.825Z DEBUG 19668 --- [core-banking-service] [io-8080-exec-11] org.hibernate.SQL                        : select c1_0.id,c1_0.created_at,c1_0.email,c1_0.full_name,c1_0.national_id,c1_0.password_hash,c1_0.status from customers c1_0 where c1_0.email=?
2026-09-22T17:34:51.828Z DEBUG 19668 --- [core-banking-service] [io-8080-exec-11] org.hibernate.SQL                        : select r1_0.customer_id,r1_1.id,r1_1.name from customer_roles r1_0 join roles r1_1 on r1_1.id=r1_0.role_id where r1_0.customer_id=?
2026-09-22T17:34:51.938Z DEBUG 19668 --- [core-banking-service] [io-8080-exec-11] org.hibernate.SQL                        : select a1_0.id,a1_0.account_number,a1_0.account_type,a1_0.balance,a1_0.currency,a1_0.customer_id,a1_0.opened_at,a1_0.status from accounts a1_0 where a1_0.id=? and a1_0.customer_id=?
2026-09-22T17:34:52.034Z DEBUG 19668 --- [core-banking-service] [io-8080-exec-18] org.hibernate.SQL                        : select c1_0.id,c1_0.created_at,c1_0.email,c1_0.full_name,c1_0.national_id,c1_0.password_hash,c1_0.status from customers c1_0 where c1_0.email=?
2026-09-22T17:34:52.039Z DEBUG 19668 --- [core-banking-service] [io-8080-exec-18] org.hibernate.SQL                        : select r1_0.customer_id,r1_1.id,r1_1.name from customer_roles r1_0 join roles r1_1 on r1_1.id=r1_0.role_id where r1_0.customer_id=?
2026-09-22T17:34:52.284Z DEBUG 19668 --- [core-banking-service] [nio-8080-exec-4] org.hibernate.SQL                        : select c1_0.id,c1_0.created_at,c1_0.email,c1_0.full_name,c1_0.national_id,c1_0.password_hash,c1_0.status from customers c1_0 where c1_0.email=?
2026-09-22T17:34:52.288Z DEBUG 19668 --- [core-banking-service] [nio-8080-exec-4] org.hibernate.SQL                        : select r1_0.customer_id,r1_1.id,r1_1.name from customer_roles r1_0 join roles r1_1 on r1_1.id=r1_0.role_id where r1_0.customer_id=?
2026-09-22T17:34:52.399Z DEBUG 19668 --- [core-banking-service] [nio-8080-exec-4] org.hibernate.SQL                        : select a1_0.id,a1_0.account_number,a1_0.account_type,a1_0.balance,a1_0.currency,a1_0.customer_id,a1_0.opened_at,a1_0.status from accounts a1_0 where a1_0.id=? and a1_0.customer_id=?
2026-09-22T17:34:52.484Z DEBUG 19668 --- [core-banking-service] [nio-8080-exec-7] org.hibernate.SQL                        : select c1_0.id,c1_0.created_at,c1_0.email,c1_0.full_name,c1_0.national_id,c1_0.password_hash,c1_0.status from customers c1_0 where c1_0.email=?
2026-09-22T17:34:52.486Z DEBUG 19668 --- [core-banking-service] [nio-8080-exec-7] org.hibernate.SQL                        : select r1_0.customer_id,r1_1.id,r1_1.name from customer_roles r1_0 join roles r1_1 on r1_1.id=r1_0.role_id where r1_0.customer_id=?
2026-09-22T17:34:52.618Z DEBUG 19668 --- [core-banking-service] [nio-8080-exec-7] org.hibernate.SQL                        : select a1_0.id,a1_0.account_number,a1_0.account_type,a1_0.balance,a1_0.currency,a1_0.customer_id,a1_0.opened_at,a1_0.status from accounts a1_0 where a1_0.account_number=? and a1_0.customer_id=?
2026-09-22T17:34:52.623Z DEBUG 19668 --- [core-banking-service] [nio-8080-exec-7] org.hibernate.SQL                        : select a1_0.id,a1_0.account_number,a1_0.account_type,a1_0.balance,a1_0.currency,a1_0.customer_id,a1_0.opened_at,a1_0.status from accounts a1_0 where a1_0.account_number=?
2026-09-22T17:34:52.691Z DEBUG 19668 --- [core-banking-service] [io-8080-exec-15] org.hibernate.SQL                        : select c1_0.id,c1_0.created_at,c1_0.email,c1_0.full_name,c1_0.national_id,c1_0.password_hash,c1_0.status from customers c1_0 where c1_0.email=?
2026-09-22T17:34:52.693Z DEBUG 19668 --- [core-banking-service] [io-8080-exec-15] org.hibernate.SQL                        : select r1_0.customer_id,r1_1.id,r1_1.name from customer_roles r1_0 join roles r1_1 on r1_1.id=r1_0.role_id where r1_0.customer_id=?
2026-09-22T17:34:52.794Z DEBUG 19668 --- [core-banking-service] [io-8080-exec-15] org.hibernate.SQL                        : select a1_0.id,a1_0.account_number,a1_0.account_type,a1_0.balance,a1_0.currency,a1_0.customer_id,a1_0.opened_at,a1_0.status from accounts a1_0 where a1_0.account_number=? and a1_0.customer_id=?
2026-09-22T17:34:52.799Z DEBUG 19668 --- [core-banking-service] [io-8080-exec-15] org.hibernate.SQL                        : select a1_0.id,a1_0.account_number,a1_0.account_type,a1_0.balance,a1_0.currency,a1_0.customer_id,a1_0.opened_at,a1_0.status from accounts a1_0 where a1_0.account_number=?
2026-09-22T17:34:52.875Z DEBUG 19668 --- [core-banking-service] [nio-8080-exec-2] org.hibernate.SQL                        : select c1_0.id,c1_0.created_at,c1_0.email,c1_0.full_name,c1_0.national_id,c1_0.password_hash,c1_0.status from customers c1_0 where c1_0.email=?
2026-09-22T17:34:52.878Z DEBUG 19668 --- [core-banking-service] [nio-8080-exec-2] org.hibernate.SQL                        : select r1_0.customer_id,r1_1.id,r1_1.name from customer_roles r1_0 join roles r1_1 on r1_1.id=r1_0.role_id where r1_0.customer_id=?
2026-09-22T17:34:52.980Z DEBUG 19668 --- [core-banking-service] [nio-8080-exec-2] org.hibernate.SQL                        : select a1_0.id,a1_0.account_number,a1_0.account_type,a1_0.balance,a1_0.currency,a1_0.customer_id,a1_0.opened_at,a1_0.status from accounts a1_0 where a1_0.account_number=? and a1_0.customer_id=?
2026-09-22T17:34:53.055Z DEBUG 19668 --- [core-banking-service] [nio-8080-exec-9] org.hibernate.SQL                        : select c1_0.id,c1_0.created_at,c1_0.email,c1_0.full_name,c1_0.national_id,c1_0.password_hash,c1_0.status from customers c1_0 where c1_0.email=?
2026-09-22T17:34:53.058Z DEBUG 19668 --- [core-banking-service] [nio-8080-exec-9] org.hibernate.SQL                        : select r1_0.customer_id,r1_1.id,r1_1.name from customer_roles r1_0 join roles r1_1 on r1_1.id=r1_0.role_id where r1_0.customer_id=?
2026-09-22T17:34:53.182Z DEBUG 19668 --- [core-banking-service] [nio-8080-exec-9] org.hibernate.SQL                        : select c1_0.id,c1_0.created_at,c1_0.email,c1_0.full_name,c1_0.national_id,c1_0.password_hash,r1_0.customer_id,r1_1.id,r1_1.name,c1_0.status from customers c1_0 left join customer_roles r1_0 on c1_0.id=r1_0.customer_id left join roles r1_1 on r1_1.id=r1_0.role_id where c1_0.id=?
2026-09-22T17:34:53.196Z DEBUG 19668 --- [core-banking-service] [nio-8080-exec-9] org.hibernate.SQL                        : select a1_0.id from accounts a1_0 where a1_0.account_number=? fetch first ? rows only
2026-09-22T17:34:53.200Z DEBUG 19668 --- [core-banking-service] [nio-8080-exec-9] org.hibernate.SQL                        : insert into accounts (account_number,account_type,balance,currency,customer_id,opened_at,status) values (?,?,?,?,?,?,?) returning id
2026-09-22T17:34:53.204Z  INFO 19668 --- [core-banking-service] [nio-8080-exec-9] c.m.banking.service.AccountService       : Opened SAVINGS account MB-1360-7364 for customer 1
